id,trainer_code,user_code,full_name,gender,birth_date,email_id,phone_number,user_points,password,terms_and_conditions,user_height,user_weight,target_weight,weight_changed_on,height_changed_on,frequently_exercise,food_mostly_eaten_at,cuisine_ids,spent_on_meal,diet_plan,default_diet_plan,medical_condition_ids,allergic_condition_ids,is_profile_completed,profile_image,social_profile_image,user_location,forgot_token,forgot_token_checked_on,email_verified_token,trainer_email_verified_token,is_email_verified,is_trainer_email_verified,is_verified,is_phone_verified,is_active,is_active_trainer,is_certified,is_trainer,is_experience_completed,is_user,time_zone,user_in_app_purchase,trainer_in_app_purchase,is_deleted,sub_status,unsub_reason,stripe_customer_key,stripe_account_id,is_dietitian,is_online_plan,facebook_id,instagram_id,google_account_id,apple_account_id,country_code,is_visible,is_subscription_free,connected_acc_status,firebase_auth_id,app_fee_per,latitude,longitude,trainer_created_date,entry_in_freshwork,freshwork_id,city,last_access_time,last_freshwork_updated,seo_abt_urself,postal_code,slug,total_transformed,social_links,created_on,updated_on,deleted_on
0,T100000,U100000,Kristen Griffin,female,"time.struct_time(tm_year=1992, tm_mon=7, tm_mday=10, tm_hour=0, tm_min=0, tm_sec=0, tm_wday=4, tm_yday=192, tm_isdst=-1)",bcarter@example.com,(779)439-3153,20917,42552,0,73,56,79,1437852360.0,1567718344.0,1_3_days,Restaurant,410,Less than $5,2,27,0,2,1,https://dummyimage.com/816x149,https://placekitten.com/721/234,Asia/Calcutta,0,0,f6f3b20c-6a2c-4d5c-9c64-4d5278db1fc5,04086d88-b9fa-41ba-af64-cb46b0639c81,0,1,0,0,1,1,0,1,0,0,America/Ciudad_Juarez,0,1,1,0,,24871e41ef58272cb1c577943c2eb182,acct_e2d4429e5a562ae48445768db11125b2,1,0,,,,,RW,0,0,True,55baf6a6-5e96-46c5-a221-240ddd27d627,1,89.0936615,-173.194701,2006-09-10,1,16050452350,West Christopherview,1970-04-09 12:13:56,2020-03-26 19:00:01,,45811,,,,1978-01-31 19:14:24,1971-10-12 02:58:10,
1,T100001,U100001,Alicia Bartlett,female,"time.struct_time(tm_year=1988, tm_mon=6, tm_mday=23, tm_hour=0, tm_min=0, tm_sec=0, tm_wday=3, tm_yday=175, tm_isdst=-1)",sarahmartin@example.org,(911)571-5402x8442,15276,89517,0,69,94,117,330070158.0,740997508.0,do_not,Restaurant,24,Less than $5,2,133,0,3,0,https://dummyimage.com/1x115,https://picsum.photos/8/278,Canada/Mountain,0,0,d3bde6ff-72d1-44bd-b6a4-1818b2200fb1,9803845a-acb8-418e-81a6-5d6019a294c0,1,0,0,0,1,1,1,0,1,1,Europe/Berlin,1,1,0,1,,ba9f077dbb0054b75a269f83750411d1,acct_0ed469727c3c7f005b3db64013dfba06,1,1,,,,,LB,1,1,True,3f3a3d6f-3554-4b87-91cd-1dc9f7d398d8,1,-73.1429425,14.171183,1980-06-20,1,16036032640,Ingramtown,1989-01-15 21:11:37,2000-12-07 10:34:17,,59332,,,,1972-05-30 09:59:24,1990-09-19 21:41:43,
2,T100002,U100002,Michelle Miller,female,"time.struct_time(tm_year=2016, tm_mon=2, tm_mday=21, tm_hour=0, tm_min=0, tm_sec=0, tm_wday=6, tm_yday=52, tm_isdst=-1)",apreston@example.net,001-429-784-1716x439,5613,13964,1,58,143,115,990232664.0,1535002871.0,do_not,Restaurant,259,$5-$9.99,3,641,0,2,1,https://dummyimage.com/72x302,https://picsum.photos/589/514,Etc/GMT-14,1,0,c073dada-3616-4dce-a4ce-a1cec3b2bb96,55fd4d49-2097-4d1f-9a7c-ec44357baf5b,1,1,0,0,1,1,0,0,1,1,Pacific/Wake,0,0,1,0,,309b65c5c9dc0b0533e0cf93687ed816,acct_e1acee8b7b583423f0eabc85f8462dd7,1,1,,,,,IL,0,0,True,460d1254-b7c9-461b-bbf2-d6939f29a797,0,4.459963,-112.269360,2003-12-16,0,15603729503,Clinetown,1998-04-09 21:00:09,1976-06-24 10:55:08,,18859,,,,2012-11-03 08:28:41,1973-05-12 12:01:21,
3,T100003,U100003,Dr. Ashley Perez MD,female,"time.struct_time(tm_year=1976, tm_mon=5, tm_mday=28, tm_hour=0, tm_min=0, tm_sec=0, tm_wday=4, tm_yday=149, tm_isdst=-1)",phaynes@example.net,652.740.7017,21219,86405,0,63,136,117,1390144608.0,1243631253.0,do_not,Restaurant,52,Less than $5,4,1722,1,3,0,https://dummyimage.com/577x77,https://picsum.photos/39/306,Antarctica/Syowa,0,0,993e9386-4ef2-4409-af7f-9e756e93af4d,f4373b14-47e6-4534-abf8-7480add7ab97,0,1,1,1,1,1,0,1,0,1,Europe/Belgrade,1,1,1,1,,6b415df5359963d9d7ba26c10699f5e0,acct_9e853dc1d7c1e3f2beea00b7c88b172d,0,0,,,,,CA,0,1,False,8a4c87bf-2860-4533-aef3-b4b62e16adce,1,-6.245993,-77.811378,2012-10-10,0,16209670689,West Karen,2021-01-26 11:30:58,1976-09-20 08:05:28,,38822,,,,1992-05-10 14:23:06,2018-10-02 11:55:03,
4,T100004,U100004,Tara Brown,female,"time.struct_time(tm_year=1943, tm_mon=6, tm_mday=20, tm_hour=0, tm_min=0, tm_sec=0, tm_wday=6, tm_yday=171, tm_isdst=-1)",rtrujillo@example.com,(678)701-1831x5756,20861,19916,0,62,58,98,1152039500.0,1102777370.0,1_3_days,Restaurant,123,Less than $5,3,563,0,3,1,https://placekitten.com/511/697,https://dummyimage.com/48x418,Brazil/West,1,1,b1ca22f4-b981-4635-b335-0278efea9bf5,d1bc244b-92cb-47f9-973e-38962e83bcd1,0,0,1,1,1,1,0,1,1,0,America/El_Salvador,0,1,1,0,,6572492c82ea6d0cce9d144c45f72d63,acct_93bb401243dd5d6bf98aeab97d8950d3,0,0,,,,,TM,1,0,False,fb68e203-442b-4431-b9f7-be15f4be9c14,1,-59.5986775,126.074645,1971-04-20,1,15949721585,East Mistymouth,2020-12-23 01:10:59,1985-02-05 16:05:36,,02766,,,,1974-02-02 08:18:21,1975-09-09 05:17:27,
5,T100005,U100005,Margaret Nelson,female,"time.struct_time(tm_year=1947, tm_mon=7, tm_mday=26, tm_hour=0, tm_min=0, tm_sec=0, tm_wday=5, tm_yday=207, tm_isdst=-1)",angela72@example.org,+1-475-943-8741x79923,24287,70380,1,60,53,97,497378944.0,122726495.0,do_not,Restaurant,436,$5-$9.99,2,1238,1,3,0,https://picsum.photos/716/629,https://picsum.photos/359/477,America/Inuvik,0,1,4829e421-e85b-4257-b50a-ab7cb2efb3a7,97e0b925-7225-49a1-8752-b0ae84453507,0,0,0,1,1,1,0,0,0,0,Asia/Ashgabat,0,1,1,1,,4bb266ecf4ed096d2089da3a89208477,acct_2e9fee10ecf4976077eacdacedac5326,0,1,,,,,HN,0,0,False,4f2c119f-7d99-4492-959c-ccfd94a6d0b1,1,60.296825,-119.347881,2005-10-08,0,15867434668,Jonesberg,2022-11-05 01:16:54,2024-01-08 23:51:56,,59614,,,,1989-10-31 17:37:56,1988-10-15 20:20:26,
6,T100006,U100006,Brianna Alvarado,female,"time.struct_time(tm_year=1972, tm_mon=1, tm_mday=9, tm_hour=0, tm_min=0, tm_sec=0, tm_wday=6, tm_yday=9, tm_isdst=-1)",sstewart@example.com,868-890-0834,22896,25124,0,65,61,113,1005162887.0,1257938249.0,1_3_days,Restaurant,104,$5-$9.99,3,797,1,1,0,https://dummyimage.com/219x261,https://picsum.photos/175/883,America/Monterrey,0,1,ba3f66f6-e598-42a4-b737-116b37c7510a,1fb42752-4b8f-4b53-b549-64b13b2f4226,0,0,1,1,1,1,1,0,1,0,Pacific/Wake,0,0,0,1,,2658f6335bc7682f923faccdd740091a,acct_8103801f7b547332f37eb5e853a936e0,0,1,,,,,PK,1,1,False,0210bb2c-1314-42cd-ac57-c28210fa6496,0,89.7485295,96.684118,1975-12-08,1,16717178413,West Lisa,1972-01-25 15:32:16,1998-11-05 05:51:32,,44673,,,,2008-08-26 22:17:13,1998-05-07 16:44:18,
7,T100007,U100007,Patricia Proctor,female,"time.struct_time(tm_year=1980, tm_mon=5, tm_mday=3, tm_hour=0, tm_min=0, tm_sec=0, tm_wday=5, tm_yday=124, tm_isdst=-1)",hansonphillip@example.net,950-466-3643,1330,77335,0,73,147,101,70126789.0,871507442.0,1_3_days,Restaurant,365,Less than $5,2,1781,1,1,0,https://placekitten.com/328/20,https://picsum.photos/747/347,MST7MDT,0,0,830ac53f-0b70-4659-8cfe-2d211d8520cc,6266e274-1af8-4de0-af38-ed31644c2341,0,1,0,1,1,1,0,0,0,0,America/Danmarkshavn,0,1,1,1,,2cd8212b45d308dc32f5ade9d794fe8e,acct_71eaeecf33dd848d684f5f969a52984e,0,1,,,,,BT,1,0,True,fe9048b2-13b0-4f94-96ae-5c8772ec2863,1,62.9815005,101.528581,2020-02-29,0,16645448966,Bautistafort,1979-09-08 05:19:55,2006-11-30 04:03:22,,88460,,,,1994-06-20 03:38:02,1976-07-28 10:31:45,
8,T100008,U100008,Carol Hunt,female,"time.struct_time(tm_year=1982, tm_mon=4, tm_mday=3, tm_hour=0, tm_min=0, tm_sec=0, tm_wday=5, tm_yday=93, tm_isdst=-1)",davismichelle@example.org,+1-800-667-6787x98854,20336,84451,0,67,70,95,583688469.0,938075823.0,1_3_days,Home,274,Less than $5,2,1607,1,1,0,https://dummyimage.com/740x747,https://placekitten.com/788/404,America/Guayaquil,0,0,7617d394-988f-4834-9201-7cb5501daaa0,8e943d80-ef7e-46fc-94e5-84df87a0bc1d,0,0,0,1,1,1,0,1,1,1,America/Scoresbysund,1,0,0,1,,e0e86f86264df24dfeb40214c0cdbd99,acct_1d3c4b4e32bd3afb448382a25ce9f193,0,0,,,,,NL,1,1,True,b9b666e4-d2d6-4c88-9945-fabbf98d4cd2,1,-32.9554755,67.212466,1970-10-30,0,15154327378,Michaelbury,1980-10-23 07:18:03,1985-12-24 16:49:20,,98897,,,,1985-08-01 07:54:51,2023-07-16 05:43:39,
9,T100009,U100009,Regina Fisher,female,"time.struct_time(tm_year=2015, tm_mon=3, tm_mday=21, tm_hour=0, tm_min=0, tm_sec=0, tm_wday=5, tm_yday=80, tm_isdst=-1)",kevin42@example.org,(863)609-6254,22288,13785,0,72,138,84,435586464.0,887899695.0,1_3_days,Restaurant,183,Less than $5,4,820,1,3,0,https://picsum.photos/275/61,https://placekitten.com/917/417,Australia/Adelaide,1,0,b4eae385-1223-4199-908f-da4103cf9604,4d926a78-715f-4596-b3c2-8a809329df48,0,1,1,1,1,1,1,1,1,0,America/Argentina/La_Rioja,1,0,1,0,,674c7a8e6ff4dd2a296d09d4253f3afc,acct_0218d9a71efb83c48867fc751dfc88b6,1,1,,,,,MX,1,1,True,c00725c1-a05b-46f0-9a24-1564c097317f,0,51.7294315,-3.566669,2004-01-28,1,16595314513,North Joann,2020-06-29 23:17:39,1995-11-23 02:44:42,,17762,,,,2004-11-05 04:00:29,2011-09-10 22:08:06,
10,T100010,U100010,Alyssa Payne,female,"time.struct_time(tm_year=2006, tm_mon=2, tm_mday=20, tm_hour=0, tm_min=0, tm_sec=0, tm_wday=0, tm_yday=51, tm_isdst=-1)",huynhanthony@example.com,001-559-957-4376x3909,5133,69589,0,68,107,74,320967332.0,1145494522.0,1_3_days,Home,419,Less than $5,1,17,0,3,1,https://placekitten.com/938/192,https://picsum.photos/244/683,Asia/Macao,1,1,c122893a-33b3-46eb-9f05-bb0d71918eb6,d7bbbdab-d924-49b6-959d-e0431dbfb1c3,0,1,1,0,1,1,0,0,1,1,Etc/GMT+11,0,1,0,1,,8811280ec637e4801bc31d3abe23f7d3,acct_4ff9b387454a13352eac28590d9cc351,0,1,,,,,KG,0,0,True,fee8c086-cb51-417c-8dcb-5e707c86b9cd,1,4.7944195,57.698766,2021-07-14,1,16974546571,New Tammy,1970-11-22 21:04:29,2008-07-31 09:15:45,,12312,,,,1992-12-01 04:22:01,2017-05-24 02:17:28,
11,T100011,U100011,Sheila Medina,female,"time.struct_time(tm_year=1935, tm_mon=10, tm_mday=31, tm_hour=0, tm_min=0, tm_sec=0, tm_wday=3, tm_yday=304, tm_isdst=-1)",smithronnie@example.org,(675)315-1978,148,20366,0,56,95,119,1480515367.0,713116320.0,1_3_days,Restaurant,36,Less than $5,1,671,1,3,1,https://dummyimage.com/273x902,https://placekitten.com/352/261,Etc/GMT+7,0,0,b47f17bd-94ce-4680-b82a-f84f0142d358,0776ab38-9767-4558-a1d4-5a9afbd6cf4b,0,1,0,1,1,1,1,0,0,0,Antarctica/DumontDUrville,0,1,0,0,,41c834d7639e39ce403db6720b4e3244,acct_b04a8b0d344695d73c6c1c531d857b03,0,0,,,,,GR,1,1,True,6a34a732-779c-4451-89c9-bc7d9e459a55,1,51.5686775,-79.171550,1981-09-20,0,16795063181,Katiemouth,1986-07-30 21:16:31,1989-12-19 13:34:37,,62338,,,,1994-06-23 10:49:20,1970-05-02 11:29:12,
12,T100012,U100012,Laurie Ramos,female,"time.struct_time(tm_year=2007, tm_mon=6, tm_mday=16, tm_hour=0, tm_min=0, tm_sec=0, tm_wday=5, tm_yday=167, tm_isdst=-1)",mejiajared@example.org,001-317-852-8656x6112,22250,39493,1,62,86,54,318543158.0,659367083.0,do_not,Restaurant,468,Less than $5,2,1712,1,2,0,https://picsum.photos/443/102,https://placekitten.com/657/529,America/Yakutat,1,0,c1f8207e-d41d-4e1b-8d51-e4f11cbee6cb,2508dccf-2d05-4b6a-a3ab-1d1d6926bcee,1,0,1,0,1,1,1,1,1,0,Pacific/Funafuti,1,0,0,0,,40e578582f6f82dd5c670f2413078500,acct_a4e27c0169ddaf2ff67400ae236626c9,1,0,,,,,ES,0,0,False,fcf28c55-1972-4102-a756-2355914c6805,0,60.2873275,-37.132336,2009-10-02,1,16241756895,Lake Kellimouth,1991-04-03 13:51:36,2023-05-28 18:16:20,,86744,,,,2018-11-09 10:29:42,1992-04-01 02:04:08,
13,T100013,U100013,Tiffany Blackwell,female,"time.struct_time(tm_year=1923, tm_mon=7, tm_mday=22, tm_hour=0, tm_min=0, tm_sec=0, tm_wday=6, tm_yday=203, tm_isdst=-1)",jamesmcdonald@example.com,(384)551-0170,22814,68435,0,59,104,73,121548656.0,1512837455.0,do_not,Restaurant,363,Less than $5,4,619,0,3,0,https://placekitten.com/774/385,https://picsum.photos/502/686,Asia/Pontianak,0,0,cd4083c3-1835-49b1-a14d-e6f8fa09566a,00ede742-dced-41f6-a386-257f7b2ac17e,0,0,1,0,1,1,0,0,1,1,Israel,1,1,0,1,,7df6e5419346ab207b9a7a0742802bc2,acct_8e46c262b4357e402832f85101d3d1c7,1,0,,,,,DJ,1,1,True,870cc746-4eda-4c21-ab3d-4df5a00838dc,1,77.0459555,82.817037,1974-12-08,1,15341560960,Jakefort,1972-07-29 16:09:45,1987-08-12 08:44:20,,67071,,,,1981-10-27 19:56:02,1995-04-21 15:41:03,
14,T100014,U100014,Kelli Watson,female,"time.struct_time(tm_year=1975, tm_mon=8, tm_mday=5, tm_hour=0, tm_min=0, tm_sec=0, tm_wday=1, tm_yday=217, tm_isdst=-1)",kennedyemily@example.org,001-335-645-2826,12272,67170,1,64,111,66,1182950600.0,400387288.0,do_not,Restaurant,222,$5-$9.99,4,1120,0,3,0,https://dummyimage.com/972x999,https://placekitten.com/708/445,Africa/Kigali,1,0,795ae65a-2115-4771-8f8a-a4614930da74,640cc633-44fa-4122-b832-6ed9b22f0b64,1,1,1,0,1,1,0,0,0,1,US/Indiana-Starke,1,0,0,1,,f055fdf8ff55b22982c52111e33fe6c3,acct_ddbda8da549c0a0d45713f8f41ef88d9,1,0,,,,,HR,1,1,False,26b96836-b87c-4ff5-9ddd-f10156bedcd8,1,68.4492305,124.929551,2016-12-01,1,15664428138,Choiside,1986-03-13 10:25:38,1987-12-07 03:03:54,,25731,,,,2009-02-08 01:22:57,2006-03-30 03:26:37,
15,T100015,U100015,Donna Dawson,female,"time.struct_time(tm_year=2004, tm_mon=2, tm_mday=14, tm_hour=0, tm_min=0, tm_sec=0, tm_wday=5, tm_yday=45, tm_isdst=-1)",martinezchristina@example.com,761.667.0476x22720,20360,32807,1,57,104,71,199810052.0,29260495.0,do_not,Restaurant,254,$5-$9.99,4,1022,0,3,0,https://placekitten.com/56/456,https://picsum.photos/639/109,America/Buenos_Aires,0,1,430fc946-913f-4105-988d-0c9d78d86dbb,fe3e2e12-50fd-48b0-8c94-abf75e03f490,0,0,1,0,1,1,0,0,1,0,Asia/Kuwait,1,0,0,1,,7031a9b954e68366889f3328168e236c,acct_bbe24cebc71b91243fc9159df01c9937,1,1,,,,,CU,0,1,True,297ade5f-96bb-45b9-a227-a38defe6893b,0,65.605720,-134.424520,2022-06-24,0,16264540675,Gutierrezview,2008-09-23 17:42:29,2010-08-14 22:34:54,,56429,,,,1982-08-02 06:16:41,2018-07-31 10:28:10,
16,T100016,U100016,Jamie Hopkins,female,"time.struct_time(tm_year=1940, tm_mon=11, tm_mday=24, tm_hour=0, tm_min=0, tm_sec=0, tm_wday=6, tm_yday=329, tm_isdst=-1)",joellopez@example.com,4124534207,9693,43205,0,57,135,118,574252777.0,776146324.0,do_not,Restaurant,308,$5-$9.99,2,255,0,1,1,https://picsum.photos/539/174,https://dummyimage.com/947x612,Europe/Mariehamn,1,0,0021da97-da27-4c10-a05c-ba26305d4ebf,06abb471-cf34-4541-b625-49b1164b2c28,1,1,1,0,1,1,1,1,1,1,Pacific/Easter,0,0,0,1,,b4f2ff8492b1f41d9de0d39b397f0f24,acct_619d7b205afd66b2fb43dfaa7560996b,0,0,,,,,KW,0,0,True,2f353b54-b15a-4fcd-88a9-706005ef9577,1,-13.1045585,10.037290,2013-10-28,1,16916835613,Lake Ronald,1993-03-23 15:49:54,1976-09-29 02:51:40,,93865,,,,1997-11-07 13:32:51,2001-06-20 22:18:30,
17,T100017,U100017,Sheila Johnson,female,"time.struct_time(tm_year=1957, tm_mon=1, tm_mday=31, tm_hour=0, tm_min=0, tm_sec=0, tm_wday=3, tm_yday=31, tm_isdst=-1)",aguerrero@example.com,344.940.4514,24059,25918,0,79,91,88,172620049.0,1693911858.0,1_3_days,Restaurant,261,Less than $5,3,1598,1,3,0,https://picsum.photos/198/468,https://placekitten.com/505/472,Asia/Macao,1,1,f022d5d3-6cea-4f16-a5d2-3c85048a9d00,dd613ee4-709c-4668-a68d-f02292871cd1,1,1,1,0,1,1,1,0,0,0,Pacific/Wake,1,1,1,1,,5a45ed0e304af9d236147d28ef483625,acct_7efb0534b76d1472a3ad7cd899dd0fdf,1,1,,,,,IT,0,1,False,d0539eca-8817-40d3-9f60-24cf0aed7def,1,-36.8972845,-149.199683,2019-03-07,0,16263849127,Farrellfort,2010-10-19 10:25:36,2018-09-19 08:17:16,,06268,,,,1975-01-13 18:22:10,1979-06-03 03:56:46,
18,T100018,U100018,Molly Ferguson,female,"time.struct_time(tm_year=1933, tm_mon=3, tm_mday=25, tm_hour=0, tm_min=0, tm_sec=0, tm_wday=5, tm_yday=84, tm_isdst=-1)",madison74@example.net,001-929-993-7536x02569,7511,78768,0,63,129,63,496943805.0,67516618.0,1_3_days,Home,354,Less than $5,1,1486,1,1,0,https://placekitten.com/200/178,https://dummyimage.com/669x275,Antarctica/Vostok,1,1,56458b99-977b-4627-8183-380907205689,76b890b8-f689-46a8-b1bb-130eae075f2d,1,1,1,1,1,1,1,0,1,0,America/Miquelon,0,1,1,1,,529f351dc3ab22ac4c7544bd86006f12,acct_940919dc00c280bb0985f7f2bf562b4b,1,1,,,,,GY,0,0,False,7017f2d3-5d6b-42a3-b9f8-ef526501adc9,0,86.556640,-99.724443,2008-10-14,0,15953780182,Lake Chad,1990-01-01 11:06:38,2006-05-01 10:41:31,,16495,,,,2015-06-25 10:12:55,1972-11-11 03:27:40,
19,T100019,U100019,Cynthia Murray,female,"time.struct_time(tm_year=1996, tm_mon=8, tm_mday=5, tm_hour=0, tm_min=0, tm_sec=0, tm_wday=0, tm_yday=218, tm_isdst=-1)",vazquezjennifer@example.com,397.323.0391x727,8860,84221,1,68,95,107,1377551670.0,235520104.0,do_not,Restaurant,436,$5-$9.99,2,771,0,3,1,https://picsum.photos/445/976,https://picsum.photos/359/149,Pacific/Guadalcanal,1,1,84074646-bdd4-4a97-b96a-57561de512e6,9c351d96-fc1a-4777-9e43-4ff0f09bdd31,1,0,0,0,1,1,1,0,0,0,Australia/ACT,0,0,1,1,,b60160152021c42634c3a5ceb2fef5c6,acct_40d80727eca01cc4cbb742d82d40da9b,1,1,,,,,UA,0,0,True,9e89d373-9784-4f65-ad79-8b7149a5f74a,1,-16.232422,74.278284,1996-05-10,1,16378907356,West Catherineside,2009-06-14 00:32:31,1984-08-08 19:27:48,,28009,,,,1993-03-10 07:37:55,1971-02-09 09:50:26,
20,T100020,U100020,Anita Nguyen,female,"time.struct_time(tm_year=2010, tm_mon=5, tm_mday=13, tm_hour=0, tm_min=0, tm_sec=0, tm_wday=3, tm_yday=133, tm_isdst=-1)",dwood@example.net,725-943-4093x1247,20846,91593,0,58,70,57,556464438.0,1343165072.0,do_not,Restaurant,415,$5-$9.99,4,1350,0,1,1,https://picsum.photos/888/421,https://placekitten.com/851/832,Africa/Mbabane,0,1,edb2fec1-81f5-47e1-a6a8-8cc0c18cd797,f43214f0-e8ee-453d-a69d-17692a03307a,1,0,0,0,1,1,1,0,0,1,Africa/Kinshasa,0,0,0,0,,e8ecb2d27ea5ca6c39d3e2d12ea55036,acct_b161df8e5befe7ea83f015eee8513ffe,0,1,,,,,MZ,1,0,True,71600ca3-ff25-419d-aea9-371d6017dd09,0,31.3080515,105.434929,2004-06-21,0,16248689423,Lake Adamport,2006-06-29 06:52:17,1970-10-29 11:09:53,,87687,,,,1980-01-02 06:11:21,2006-07-19 16:35:53,
21,T100021,U100021,Lisa Cross,female,"time.struct_time(tm_year=1915, tm_mon=11, tm_mday=6, tm_hour=0, tm_min=0, tm_sec=0, tm_wday=5, tm_yday=310, tm_isdst=-1)",melendezjoshua@example.net,416-332-0006,15615,39880,1,70,136,112,363427764.0,1352379638.0,1_3_days,Home,71,$5-$9.99,2,73,0,2,1,https://picsum.photos/516/730,https://dummyimage.com/223x434,US/Pacific,0,1,7ed990ec-3798-4dc6-8993-030403437889,3d7c4447-ee1c-439c-b95f-6e1330de3797,1,0,1,1,1,1,0,1,1,1,Etc/GMT+2,0,1,1,0,,7ef7280cc5ee8400f829d5ef8f54d493,acct_35686e284f6c186bbbdd64c6c02cb95f,0,1,,,,,MH,0,0,False,0fe697cb-5c64-4259-955b-838d29d275ad,1,30.8888915,96.915527,1971-01-19,0,15539061502,Douglasmouth,1977-10-02 23:59:39,2001-03-02 10:49:56,,81562,,,,2004-02-03 03:25:18,1975-08-24 07:20:53,
22,T100022,U100022,Cheryl Elliott,female,"time.struct_time(tm_year=1912, tm_mon=10, tm_mday=10, tm_hour=0, tm_min=0, tm_sec=0, tm_wday=3, tm_yday=284, tm_isdst=-1)",bmartinez@example.com,(215)946-3711,7244,96341,1,64,100,62,432600796.0,105114106.0,do_not,Home,416,$5-$9.99,4,356,0,2,0,https://dummyimage.com/457x97,https://picsum.photos/731/319,Asia/Saigon,0,0,7439afdc-5cf6-43a3-ab32-9b6b899bbcf4,bd7e463a-cd76-42c7-bca1-b219d7c01be0,0,0,0,0,1,1,0,1,0,0,Africa/Banjul,1,1,0,1,,01bcc54a7e85c2ad699589140307420d,acct_fcafbf685afd436c860fbc4c3880cc6f,1,0,,,,,TZ,1,1,True,8d30b59d-3e4f-4ad8-9eab-e1e96feed326,0,-21.9133065,-47.847279,1974-01-30,0,15735392469,Ponceport,2018-12-30 02:29:57,2015-07-29 08:34:34,,72299,,,,1974-01-03 03:15:24,2014-11-30 04:15:04,
23,T100023,U100023,Kathleen Castillo,female,"time.struct_time(tm_year=2012, tm_mon=12, tm_mday=25, tm_hour=0, tm_min=0, tm_sec=0, tm_wday=1, tm_yday=360, tm_isdst=-1)",baldwinwilliam@example.org,850.357.7983x2231,15223,56330,1,59,138,93,1051967717.0,265607279.0,do_not,Restaurant,231,$5-$9.99,1,710,1,2,0,https://placekitten.com/233/908,https://picsum.photos/1008/38,America/Argentina/Ushuaia,1,1,43f131bd-52e7-46c0-bc66-d711cbca9959,8c88d621-53ee-477d-8f0e-17104cb84f01,0,1,0,0,1,1,1,1,1,1,Asia/Pyongyang,1,0,0,1,,1953a129c299a8377260c347dfcd4fe9,acct_3b6382936c8914874f1630850bb727f5,1,1,,,,,SI,0,0,True,66c09c49-1c20-4864-8bce-b837fc58412a,1,52.5203085,4.156168,2016-03-28,0,15193256239,Adamsbury,2021-11-17 05:21:12,1989-09-29 12:12:06,,60509,,,,2002-01-17 22:49:32,1979-03-25 15:38:24,
24,T100024,U100024,Valerie Cobb,female,"time.struct_time(tm_year=1911, tm_mon=5, tm_mday=15, tm_hour=0, tm_min=0, tm_sec=0, tm_wday=0, tm_yday=135, tm_isdst=-1)",scott67@example.com,800-726-5505x6955,21847,11878,1,60,148,103,1332315786.0,1233528355.0,1_3_days,Home,12,$5-$9.99,3,989,0,2,1,https://placekitten.com/635/359,https://placekitten.com/254/569,Africa/Asmara,0,0,aedafb1d-a851-4762-8db6-5e4ce1b9186c,a62cba42-91bf-4ae8-9a63-990a77091f93,1,0,1,0,1,1,0,1,0,0,Europe/Monaco,0,0,1,0,,85757b869dc000847586bf4a8cb91217,acct_0ef1d9d18b21aafe8fc81277e8333657,1,1,,,,,HT,1,0,False,8dee0485-4824-4962-8d72-47f86c80f7b3,0,30.079976,111.302048,2005-06-26,1,16355611827,South Lisa,1989-02-19 10:28:14,1994-11-03 23:46:46,,88064,,,,1978-07-05 02:54:42,2020-12-20 18:09:05,
25,T100025,U100025,Heather White,female,"time.struct_time(tm_year=2003, tm_mon=6, tm_mday=24, tm_hour=0, tm_min=0, tm_sec=0, tm_wday=1, tm_yday=175, tm_isdst=-1)",ihayes@example.org,(531)998-3514x1999,10043,50751,1,58,102,75,1489399423.0,1525940213.0,do_not,Home,269,Less than $5,4,314,1,2,0,https://picsum.photos/111/389,https://picsum.photos/459/227,America/Cuiaba,1,0,1bddb1fb-59e5-4967-b08b-0c679bd5b00a,dd32ccea-d59d-4168-9b1f-bbf2505e42b2,1,1,1,1,1,1,0,1,0,1,America/Santa_Isabel,0,1,1,0,,86508bb04cc07fcd4f24b23e062ff2d9,acct_44fce0e0426b1ffa920bd59b38402ac4,0,1,,,,,FR,0,0,True,328b9fa1-0ce8-4000-b2bd-93c29b2bf0b7,0,-64.485867,35.693380,1976-01-01,1,16472908964,Lake Emilyton,1980-07-28 22:08:46,1995-01-20 17:34:27,,57183,,,,2017-03-21 01:15:44,2022-09-06 01:49:36,
26,T100026,U100026,Dawn Ramos,female,"time.struct_time(tm_year=1917, tm_mon=2, tm_mday=14, tm_hour=0, tm_min=0, tm_sec=0, tm_wday=2, tm_yday=45, tm_isdst=-1)",jacksonsandra@example.com,(302)362-1698,1830,60963,0,60,76,104,886605513.0,325100750.0,do_not,Home,56,$5-$9.99,3,1479,1,1,0,https://placekitten.com/1007/953,https://placekitten.com/273/542,America/Menominee,1,1,27ff6a8b-3a51-4a7b-bc4a-9981f76cba78,6e030fd0-5016-46ea-9978-52a4965192b8,0,0,0,1,1,1,0,0,0,0,America/Chicago,1,1,1,1,,7bfab597c54b3e5f2a225953b2fba329,acct_d26a808d4e691841dc7a79c967a1616e,0,1,,,,,RW,1,0,True,a5b90f53-f48b-439f-8540-69fdefdf9407,0,36.8010395,-123.845733,1975-11-17,0,16580027219,South Carolyn,2000-02-28 04:53:30,2022-08-07 07:59:28,,03878,,,,1978-01-23 12:15:36,1983-11-06 03:20:01,
27,T100027,U100027,Meghan Smith,female,"time.struct_time(tm_year=1990, tm_mon=2, tm_mday=5, tm_hour=0, tm_min=0, tm_sec=0, tm_wday=0, tm_yday=36, tm_isdst=-1)",jacksonkrista@example.org,+1-528-859-5010x93492,17996,44174,0,65,138,92,260961986.0,1572928861.0,1_3_days,Home,484,$5-$9.99,3,58,1,3,1,https://dummyimage.com/422x947,https://dummyimage.com/120x297,America/Ciudad_Juarez,0,0,6ccf2843-871e-4c07-b358-e969f5544a38,25d984a1-2f67-45a0-bdfd-3ae0ca8228e3,1,0,0,0,1,1,1,0,0,0,Asia/Riyadh,0,0,1,1,,82fd939476f923669e3102bf749c14ef,acct_de5a33b5f06871618eb635b04051ba4c,0,1,,,,,GE,0,0,True,17443ae2-fe28-44a7-98ac-3886dd957ab1,1,-40.302649,58.084468,1992-05-17,0,15860396814,South Robert,2021-12-28 19:27:47,2023-05-20 09:11:46,,84263,,,,2005-07-19 02:20:55,2011-01-27 14:34:58,
28,T100028,U100028,Teresa Elliott,female,"time.struct_time(tm_year=1941, tm_mon=8, tm_mday=30, tm_hour=0, tm_min=0, tm_sec=0, tm_wday=5, tm_yday=242, tm_isdst=-1)",ijones@example.net,(562)738-6345,23026,38090,1,70,57,120,152475961.0,993652881.0,1_3_days,Home,427,Less than $5,3,1048,0,3,0,https://placekitten.com/844/200,https://picsum.photos/629/524,Pacific/Wake,1,0,e3716cac-ed17-4645-a0cf-2f293373b21f,73f6dd34-ffbd-4a2e-a857-cc397f21106c,1,0,1,1,1,1,1,1,0,0,Asia/Kabul,0,0,0,1,,8875d59e48801a6e036f359eceb5aa0d,acct_6631204e9a0a97ccf09336344b994fd6,1,0,,,,,BI,0,1,True,b567c5c6-3db5-4a1f-bb4c-0c6f247dd92f,0,62.0266445,161.437849,2016-06-10,0,16496367542,South Jennifer,1979-10-21 23:11:08,1980-03-28 09:21:07,,04090,,,,1999-07-21 17:07:26,2023-01-19 20:05:26,
29,T100029,U100029,Ann Mcdowell,female,"time.struct_time(tm_year=2014, tm_mon=7, tm_mday=29, tm_hour=0, tm_min=0, tm_sec=0, tm_wday=1, tm_yday=210, tm_isdst=-1)",autumn44@example.com,464.243.9718,11413,57247,0,61,54,50,1574054783.0,1166753439.0,do_not,Restaurant,40,$5-$9.99,2,621,0,1,0,https://placekitten.com/538/349,https://dummyimage.com/790x695,Australia/North,1,0,d164f7d0-63c0-402e-996b-5ec5d6d347af,e468870e-e844-45a1-9f02-8d1941f10a0d,0,0,1,0,1,1,1,0,0,1,Etc/Zulu,0,0,1,0,,9a6f56d4b2ac794ac533eedd4860612a,acct_ff5dde579b2b8fcc9c0e4f7c0e45158d,1,0,,,,,RS,1,0,True,53ebdb83-ef69-42eb-8a71-a28ea729f6c3,1,82.6220705,-27.553615,2019-06-14,1,16173799458,Reedberg,1997-01-26 01:10:07,2006-02-20 19:05:58,,49540,,,,2008-09-13 20:48:32,1996-05-01 08:17:30,
30,T100030,U100030,Dr. Samantha Page,female,"time.struct_time(tm_year=1928, tm_mon=8, tm_mday=20, tm_hour=0, tm_min=0, tm_sec=0, tm_wday=0, tm_yday=233, tm_isdst=-1)",yvonne46@example.com,+1-382-280-5554x90441,19076,82698,0,66,101,88,981908116.0,1702180345.0,1_3_days,Home,37,$5-$9.99,4,1794,1,1,0,https://dummyimage.com/573x704,https://placekitten.com/884/766,MST7MDT,0,1,d6b9855f-c956-433b-bb22-4c50ccde8b3b,ac0df400-5357-4852-93b1-8e353faba8be,0,0,1,0,1,1,1,0,1,0,Asia/Dubai,1,1,1,0,,f8811633efb846276d45ba185eef5b67,acct_8827e028f93122512b4ebf65c1516c65,0,0,,,,,SY,1,0,False,36b19231-9acd-47fd-8851-d6a49f976e79,0,-27.0590695,21.970215,2015-01-05,0,16104727363,West Amberland,1988-07-02 07:35:23,1997-12-08 09:36:06,,44156,,,,2008-05-16 05:34:52,2006-12-19 18:21:11,
31,T100031,U100031,Gloria Cook,female,"time.struct_time(tm_year=2021, tm_mon=11, tm_mday=10, tm_hour=0, tm_min=0, tm_sec=0, tm_wday=2, tm_yday=314, tm_isdst=-1)",ericlarson@example.com,865.435.3786x970,16253,65076,0,66,43,113,873308261.0,780195487.0,1_3_days,Restaurant,66,$5-$9.99,2,979,0,1,0,https://picsum.photos/66/570,https://picsum.photos/324/313,Australia/Tasmania,1,0,37823e6d-4fb0-4781-ae08-8451ee1b35e3,36c53ad1-f83a-4eff-a6b1-abe2ca87a271,0,0,0,0,1,1,1,1,0,0,US/Indiana-Starke,1,1,1,1,,856f5398e36789bd13f98fad30bb4d1b,acct_daea0538c508b5ed7d5443825301b365,0,1,,,,,MD,0,1,True,ada214c2-7f50-4269-91f6-efb1fff700ca,1,35.9291625,-56.728728,1990-11-01,1,16535626311,Port Maryborough,1970-10-10 13:04:43,1970-09-19 15:16:54,,18594,,,,2018-07-16 22:10:21,1974-06-24 01:15:51,
32,T100032,U100032,Melanie Chan,female,"time.struct_time(tm_year=1974, tm_mon=9, tm_mday=11, tm_hour=0, tm_min=0, tm_sec=0, tm_wday=2, tm_yday=254, tm_isdst=-1)",chelsearobles@example.net,(973)275-0357x251,19966,36026,1,72,123,91,651620135.0,1122831172.0,1_3_days,Home,441,$5-$9.99,4,1088,0,1,0,https://placekitten.com/301/324,https://dummyimage.com/829x199,Asia/Chita,0,1,8603a9d6-fa8b-4e35-99e5-b0a64b3c9a07,ad08cc86-0115-485a-b107-5720b1bb5fc0,0,0,0,1,1,1,1,0,1,1,Europe/Paris,0,1,1,1,,216cf8b239d776e9fe34dc60f7746ca6,acct_6dafb17526640ec9bfd6aaea411ab17b,0,0,,,,,LC,1,1,True,608cb74f-b1f1-48ab-813c-2c866e98d787,1,-76.2117065,163.988806,2003-08-19,0,16068815304,Robertport,2005-09-03 03:46:45,1977-10-24 12:54:02,,68423,,,,2021-07-08 19:17:57,1992-03-07 14:40:32,
33,T100033,U100033,Maria Nielsen,female,"time.struct_time(tm_year=1935, tm_mon=2, tm_mday=5, tm_hour=0, tm_min=0, tm_sec=0, tm_wday=1, tm_yday=36, tm_isdst=-1)",ilopez@example.net,001-642-778-3244x147,21307,15629,0,61,101,67,654867790.0,1378353494.0,1_3_days,Restaurant,137,$5-$9.99,3,1069,0,2,0,https://placekitten.com/559/1021,https://dummyimage.com/567x637,W-SU,1,0,11523e93-c586-4b6e-a898-536ef0a5b692,a45680f5-6997-4b4f-b057-aa99e5ae7b8a,0,0,0,1,1,1,1,1,1,1,America/Tijuana,1,1,0,1,,bdfde10d83d57426e0b8da5fa24b6699,acct_dab98ff39a4c5ed86a25ca3ca36c1c02,1,0,,,,,BR,0,1,True,5d5bdf5e-48e5-47cf-b969-7d45f03512db,0,30.6511035,-47.427777,2003-02-25,0,16591448999,Lake Mariaborough,2017-02-23 13:42:31,1995-11-17 11:44:51,,60019,,,,1977-09-16 12:20:53,1993-03-01 16:24:58,
34,T100034,U100034,Kayla White,female,"time.struct_time(tm_year=1908, tm_mon=7, tm_mday=27, tm_hour=0, tm_min=0, tm_sec=0, tm_wday=0, tm_yday=209, tm_isdst=-1)",michael83@example.org,411.421.2918,14343,93162,1,68,138,51,523155315.0,2910070.0,do_not,Home,307,Less than $5,1,873,1,3,1,https://dummyimage.com/285x389,https://dummyimage.com/27x45,Asia/Qyzylorda,0,1,2ab562b2-5667-45d1-bd4e-720c93cd73cf,5088d3dc-eb79-45bf-a503-4fc5b2049269,1,0,1,0,1,1,1,1,0,0,Africa/Freetown,1,1,0,0,,d61dade8b03a019b3eb06a482994a91f,acct_d38beabd16b5e4d484b0732d22962d53,0,1,,,,,GT,1,1,False,c15a2077-8236-42aa-96a8-e5d685492e40,1,72.499941,80.502123,2013-07-07,1,16131714960,North Robertburgh,1985-04-13 05:28:10,2006-09-28 20:07:25,,94651,,,,1989-02-16 07:23:18,1971-01-29 09:05:45,
35,T100035,U100035,Melissa Mooney,female,"time.struct_time(tm_year=2022, tm_mon=12, tm_mday=23, tm_hour=0, tm_min=0, tm_sec=0, tm_wday=4, tm_yday=357, tm_isdst=-1)",psmith@example.net,(405)963-0640x46894,15547,17840,0,57,92,91,1670512966.0,955878324.0,do_not,Restaurant,367,Less than $5,1,157,0,2,1,https://picsum.photos/137/97,https://picsum.photos/434/281,ROC,0,1,4931fb67-1bd6-42c2-bde1-289b5d6dd38c,57094ffe-23c1-46df-b1a8-ec877c3408ee,0,1,1,0,1,1,0,0,0,1,Australia/Brisbane,1,1,1,1,,57f100e485ec1cbb0608379a6a88b059,acct_6a9e318c7b8ae2aae35bcfe4cbffcc5b,0,1,,,,,HU,0,1,False,6abaec21-b669-453f-bccb-d56e95efb3c9,1,62.697348,-6.207423,2020-10-19,1,16689220329,Katelynhaven,1992-04-10 17:23:26,1975-12-30 09:32:54,,77931,,,,1986-08-16 02:51:30,2020-09-01 14:12:34,
36,T100036,U100036,Marissa Lopez,female,"time.struct_time(tm_year=1999, tm_mon=10, tm_mday=18, tm_hour=0, tm_min=0, tm_sec=0, tm_wday=0, tm_yday=291, tm_isdst=-1)",brownlarry@example.net,813-896-4239x5896,3892,85442,0,61,88,105,1467484768.0,1522654110.0,do_not,Restaurant,256,$5-$9.99,2,1210,1,1,0,https://dummyimage.com/974x1017,https://picsum.photos/376/293,America/Mendoza,1,1,f6586fb3-cbde-403a-a3bc-992a8e854ef8,ce83a544-2028-4eef-8897-704aaf2863c3,1,0,0,0,1,1,0,1,1,0,Europe/Busingen,0,1,0,0,,c37c9bbf1ceb70ff7ffbf5e97b3add4c,acct_73b59943187ec905aba67c03739a3ff5,1,1,,,,,SK,0,1,True,2c2327dc-87b0-4462-bbb5-79486eca4a59,0,-6.999004,-12.002762,1973-10-01,0,15392032089,Mercadomouth,1981-06-05 09:55:49,1974-02-27 02:16:44,,32148,,,,1980-12-30 04:42:45,2006-09-21 01:57:16,
37,T100037,U100037,Renee Tate,female,"time.struct_time(tm_year=1994, tm_mon=11, tm_mday=23, tm_hour=0, tm_min=0, tm_sec=0, tm_wday=2, tm_yday=327, tm_isdst=-1)",jessica85@example.com,710.914.3187x268,12326,68619,0,74,43,105,296584574.0,64456761.0,1_3_days,Home,93,Less than $5,3,1325,0,1,1,https://placekitten.com/264/69,https://picsum.photos/69/227,Asia/Damascus,0,1,fd942fe2-d535-4e2e-a2df-58b3be673378,b6396801-e74c-43a4-b4cd-3e7e20516211,1,1,1,0,1,1,1,1,0,1,Europe/Ljubljana,1,0,0,1,,78d1aaabc16ee6bf94e8bf8b6983dd03,acct_f06c58092022664319d259e3eb41888b,0,0,,,,,HT,1,0,False,ed25db34-1aa9-421c-bf93-74fa2fda18b4,1,-87.674894,13.704138,2011-06-05,1,16359580686,Oliverberg,2020-09-04 04:22:03,2016-06-10 01:43:54,,35873,,,,1991-07-28 21:37:57,1985-11-24 01:14:56,
38,T100038,U100038,Jenny Nguyen,female,"time.struct_time(tm_year=1981, tm_mon=8, tm_mday=16, tm_hour=0, tm_min=0, tm_sec=0, tm_wday=6, tm_yday=228, tm_isdst=-1)",doylewilliam@example.net,001-992-951-4043x16056,13568,38699,1,59,103,67,1688970487.0,1623861460.0,1_3_days,Home,351,$5-$9.99,2,461,1,2,1,https://dummyimage.com/196x191,https://dummyimage.com/824x1013,America/Catamarca,1,0,77eae2b7-5589-4edd-a934-240df96a3795,3adec2c8-4e46-4e25-822c-8ba82b5e9bc0,0,1,0,0,1,1,1,0,1,1,Africa/Djibouti,0,1,1,1,,3ee86fccf8718309ab49db6443ca3f17,acct_67ba708cc1df1a7242b34ad2e17d68d6,0,1,,,,,ET,1,0,False,039667af-8b29-49e9-91e1-4eda11e04e69,1,-51.6171115,168.484499,2003-11-04,0,16958093151,West Judystad,2009-08-22 01:16:32,1972-05-23 08:47:46,,76426,,,,1983-10-06 07:48:07,2012-12-12 19:10:21,
39,T100039,U100039,Gina Duran,female,"time.struct_time(tm_year=1924, tm_mon=3, tm_mday=19, tm_hour=0, tm_min=0, tm_sec=0, tm_wday=2, tm_yday=79, tm_isdst=-1)",dawn66@example.net,897-897-0966x9746,14872,67242,1,72,98,78,157427768.0,215978800.0,do_not,Restaurant,462,$5-$9.99,1,1610,1,2,1,https://placekitten.com/696/721,https://dummyimage.com/577x464,Brazil/West,0,0,8be06c6a-b8e2-45d2-b08d-a783b553c18f,3025a30c-6b0c-4db2-bc5d-c0587ef9dd67,0,0,1,0,1,1,0,0,1,0,America/Santiago,1,0,0,0,,1793e3035f9551f839d01cfde833c1c3,acct_17163133bd90797ae490af4fe724ec4c,0,0,,,,,KW,1,0,False,485406c7-b3ce-4dec-b1a5-3019e5b72fcb,0,-29.781654,175.946467,2021-09-08,0,15214473563,East Rebeccashire,2019-09-01 13:55:07,1982-09-09 05:47:59,,19516,,,,1999-05-04 03:54:32,2008-07-02 02:54:32,
40,T100040,U100040,Melissa Robles,female,"time.struct_time(tm_year=1926, tm_mon=2, tm_mday=3, tm_hour=0, tm_min=0, tm_sec=0, tm_wday=2, tm_yday=34, tm_isdst=-1)",patrick64@example.org,001-871-315-3218x5091,19630,73546,0,66,121,94,280758100.0,1365952424.0,1_3_days,Restaurant,62,$5-$9.99,4,702,1,1,0,https://placekitten.com/515/345,https://dummyimage.com/16x844,Asia/Chongqing,0,0,aa898377-5b1f-475c-8d94-9fb6ad89115a,2bda99e0-69ed-4667-a146-39b3feb040ed,0,1,0,1,1,1,0,1,1,0,Asia/Vientiane,0,0,0,0,,d37c1bf4000d856cd18f105ac5818291,acct_e316ff8abee291acebe1733548bebfe8,0,0,,,,,SR,1,1,False,08826731-c46a-4129-9553-83a79efa88aa,1,-1.735090,172.395430,1971-04-09,1,15824357985,Larrymouth,1980-10-08 23:55:11,2018-04-07 00:29:55,,62838,,,,2016-12-29 07:51:44,2002-07-30 08:48:49,
41,T100041,U100041,Christine Cameron,female,"time.struct_time(tm_year=1993, tm_mon=2, tm_mday=26, tm_hour=0, tm_min=0, tm_sec=0, tm_wday=4, tm_yday=57, tm_isdst=-1)",justinchapman@example.com,(280)847-6796x36619,20196,53730,0,66,84,89,77685768.0,1132005825.0,do_not,Restaurant,283,Less than $5,4,1403,0,3,1,https://dummyimage.com/940x366,https://picsum.photos/650/543,Europe/Zagreb,0,0,ab402c49-79fe-4e64-be43-90f141366aae,7e02d814-317c-4ad5-bdf9-cdb5de1ce5e4,1,0,0,1,1,1,0,1,0,0,Europe/Helsinki,0,1,1,0,,89511d494190eeb63d68f8e4c536bc9c,acct_4babef3da9281027f0ec7e4e45d7de5b,0,0,,,,,TN,0,0,True,1ae49858-4faf-4187-ae76-ed381ffa17f7,0,53.3603815,-40.359645,1992-04-27,1,15746403649,Keithland,2010-11-15 13:25:56,1978-08-18 05:45:19,,65207,,,,1974-05-27 01:03:43,2019-03-17 10:11:10,
42,T100042,U100042,Mckenzie Carrillo,female,"time.struct_time(tm_year=1975, tm_mon=8, tm_mday=23, tm_hour=0, tm_min=0, tm_sec=0, tm_wday=5, tm_yday=235, tm_isdst=-1)",lancecarter@example.com,780.718.1268x0410,20369,19425,1,64,140,112,182738294.0,702294229.0,do_not,Home,467,$5-$9.99,1,1745,1,3,0,https://picsum.photos/489/94,https://dummyimage.com/158x554,America/Inuvik,0,0,8075ad34-cb99-495f-b0ab-161e7b0d5bcc,00f0df24-5e0c-4570-866b-be6ad2e626ca,0,0,1,0,1,1,0,0,1,1,America/Indiana/Vevay,1,0,1,1,,3f747f1ce6d53cf7c52c6c6c04627f09,acct_4e14089c0e12d9b53841e252cfbedd31,1,1,,,,,CL,1,1,True,976eec87-e260-4b48-9f09-5de605df2483,1,64.837643,160.207180,2002-05-23,0,16552936353,Cindychester,1972-04-02 16:56:49,2021-10-19 19:15:21,,60603,,,,1978-09-03 20:35:37,1971-02-13 16:03:10,
43,T100043,U100043,Jennifer Hill,female,"time.struct_time(tm_year=1999, tm_mon=12, tm_mday=28, tm_hour=0, tm_min=0, tm_sec=0, tm_wday=1, tm_yday=362, tm_isdst=-1)",qgarner@example.com,001-955-556-7941x601,6366,40991,1,61,105,59,27040810.0,1273404989.0,do_not,Restaurant,389,Less than $5,3,539,0,1,1,https://placekitten.com/859/474,https://picsum.photos/610/624,America/Argentina/Jujuy,1,1,6e691307-aabe-428e-ab3f-1be0a9490921,1736830e-9e0c-4279-a047-f6587d9535e0,0,1,1,1,1,1,0,1,0,1,Asia/Kolkata,0,1,0,1,,e9587c2c1989ed2ce4f14760e2fb2e8c,acct_ca3a775cf4afce3f34fa13baa7445a7e,0,0,,,,,UZ,0,1,False,e66781f9-663e-4f29-8856-bfe4dd4be81e,0,48.9564805,23.295199,1979-12-30,0,15110314158,Fullerville,1989-07-16 05:38:26,1971-08-18 02:12:42,,30786,,,,2010-09-09 23:13:52,1988-08-16 23:34:20,
44,T100044,U100044,Miss Brenda Nolan,female,"time.struct_time(tm_year=1996, tm_mon=3, tm_mday=3, tm_hour=0, tm_min=0, tm_sec=0, tm_wday=6, tm_yday=63, tm_isdst=-1)",amanda17@example.net,001-746-393-2332x71836,3094,15812,1,71,42,54,673934617.0,1456180052.0,1_3_days,Restaurant,363,Less than $5,3,144,0,1,1,https://placekitten.com/978/119,https://picsum.photos/256/292,Europe/Luxembourg,0,0,7a04b9a2-6c23-4003-b16c-e34c7671e0f6,81b44d97-55fd-49f4-99a8-7cb464241237,1,1,0,1,1,1,0,0,1,0,MET,1,1,0,1,,7ab18c498bdf9a2ba228de62cae06266,acct_624f7ce1af3ff1308a0816892f4bb993,1,1,,,,,RO,0,1,False,92580be0-19e9-4123-8d47-8bab3356f922,0,31.6073205,127.136062,2010-09-28,0,16389171214,Floreston,1979-01-15 05:50:24,1993-08-25 01:30:29,,18246,,,,2013-04-12 06:37:49,1992-06-08 05:45:50,
45,T100045,U100045,Erica Mills,female,"time.struct_time(tm_year=1971, tm_mon=4, tm_mday=24, tm_hour=0, tm_min=0, tm_sec=0, tm_wday=5, tm_yday=114, tm_isdst=-1)",gary57@example.org,(620)417-5157x525,24643,33265,0,68,45,105,384409921.0,1450895470.0,1_3_days,Restaurant,263,Less than $5,2,1480,0,2,0,https://placekitten.com/868/919,https://placekitten.com/986/574,Asia/Qostanay,0,0,7afb1fba-df6b-404a-b3c8-41ccc7e81bf0,25a8208c-a65e-4df1-9bdd-f3ad9ffdea9e,1,0,1,1,1,1,0,0,0,0,Asia/Ulaanbaatar,0,0,0,1,,ed77b02231e2edf0ae195d3f94ecc504,acct_7782c22f46f70be76912ad9d2d6e7b66,1,0,,,,,DM,1,0,True,18d02f66-57bf-462e-9208-5d7b3420cb58,0,-65.8989095,13.610282,1976-11-15,0,16414151799,Millerborough,1995-06-06 11:43:33,1983-06-11 18:59:18,,40472,,,,1996-08-13 10:07:20,2022-03-26 02:39:56,
46,T100046,U100046,Elizabeth Flores,female,"time.struct_time(tm_year=1998, tm_mon=12, tm_mday=5, tm_hour=0, tm_min=0, tm_sec=0, tm_wday=5, tm_yday=339, tm_isdst=-1)",floresdaniel@example.net,(244)565-1597x6032,334,93370,1,65,138,109,286847321.0,81472628.0,do_not,Restaurant,147,Less than $5,1,1568,1,3,0,https://picsum.photos/822/803,https://placekitten.com/334/939,America/Recife,0,1,f54ed3a8-7973-47c1-9e81-affbe6dbae56,a233a881-eaa5-4a39-8585-97eaa3f9b20a,1,0,0,1,1,1,1,1,0,1,Atlantic/Canary,0,0,0,0,,db3df1569340d771879f8bb2db51bbba,acct_fbd72e322b5409d38e78aef28b3d6101,1,0,,,,,TD,0,1,False,2a144435-6cbb-4519-ad4a-fa167a2891c7,1,-60.1798165,146.941798,2019-09-05,0,15762054264,Thomaschester,2000-02-05 04:59:13,2017-06-16 08:35:33,,66344,,,,1980-11-14 22:11:11,1985-08-01 21:03:55,
47,T100047,U100047,April Oliver,female,"time.struct_time(tm_year=1929, tm_mon=4, tm_mday=11, tm_hour=0, tm_min=0, tm_sec=0, tm_wday=3, tm_yday=101, tm_isdst=-1)",award@example.com,292-233-5826,21434,36484,1,69,133,53,1032831402.0,584615193.0,1_3_days,Restaurant,136,Less than $5,3,727,0,2,0,https://dummyimage.com/22x83,https://dummyimage.com/556x758,America/Asuncion,0,1,466d6f6a-065e-40d4-87ff-661c2eb56322,4567f98b-a32f-4ec6-b6d2-4639ffbbf78e,0,0,0,1,1,1,1,1,0,1,Canada/Mountain,1,0,1,0,,cce3271840cee2871672e56b9136236c,acct_04e09177379657b5d59f00d5ef2dcb4f,0,0,,,,,CG,1,0,False,1a0f721c-c249-4d33-b415-126738770c42,0,-13.947844,-33.321890,2005-09-02,1,16457388252,Brownfort,1988-01-30 09:01:02,1995-07-09 11:04:27,,41367,,,,1978-06-16 04:42:23,1991-05-11 23:37:09,
48,T100048,U100048,Margaret Taylor,female,"time.struct_time(tm_year=1969, tm_mon=11, tm_mday=11, tm_hour=0, tm_min=0, tm_sec=0, tm_wday=1, tm_yday=315, tm_isdst=-1)",wyatt85@example.com,836.490.2093,3881,94476,0,73,105,57,1359398837.0,328585472.0,do_not,Restaurant,276,Less than $5,2,242,0,3,1,https://dummyimage.com/947x169,https://picsum.photos/435/559,Europe/Bucharest,1,1,c2945f5b-1895-41f7-b746-f2c3792bd85a,868715e9-069f-44ac-b97e-114cae27f8f2,0,1,1,1,1,1,0,1,0,1,Africa/El_Aaiun,0,0,1,1,,23b2e753fad3f0de63a39bace9e2d9bc,acct_944fc548279ab219bae08ab8b7cf5935,0,1,,,,,ME,1,1,False,41d4688b-504a-4354-a61f-438a5644f1d9,1,30.845285,83.760671,1993-07-27,1,16554413665,Matthewmouth,1981-05-03 04:51:37,2010-06-14 09:23:08,,08251,,,,1980-08-03 08:26:49,1997-11-16 05:09:10,
49,T100049,U100049,Robin Melton,female,"time.struct_time(tm_year=1916, tm_mon=1, tm_mday=2, tm_hour=0, tm_min=0, tm_sec=0, tm_wday=6, tm_yday=2, tm_isdst=-1)",dianacosta@example.com,309-927-3470,19447,21256,0,73,61,50,403036066.0,721703124.0,do_not,Restaurant,290,Less than $5,3,73,0,1,1,https://placekitten.com/571/808,https://placekitten.com/684/961,America/Argentina/Catamarca,1,1,c6b29f2d-e418-49b4-84c4-ab2f7539acb1,0a26ff5d-2040-491b-ae1b-7f87a3e61e44,1,1,1,0,1,1,0,0,0,1,America/Shiprock,0,1,1,1,,870bc3af7c93124cc7a13bedb4f45938,acct_0091d13d92773125c4efdd35e018411a,1,1,,,,,YE,1,0,False,d369c99f-b4e0-4586-bfd9-4b224390c6d9,1,26.6744295,-131.048279,1973-05-21,1,16952818746,Port Shannon,1970-07-01 00:40:11,2007-08-03 06:52:19,,78887,,,,2011-06-24 07:00:15,2001-11-04 02:44:12,
50,T100050,U100050,Brittany White,female,"time.struct_time(tm_year=2003, tm_mon=10, tm_mday=6, tm_hour=0, tm_min=0, tm_sec=0, tm_wday=0, tm_yday=279, tm_isdst=-1)",uyoung@example.com,944.818.7837x2474,7628,26329,1,80,91,71,996453683.0,247462064.0,1_3_days,Home,241,$5-$9.99,3,259,0,2,0,https://dummyimage.com/774x703,https://picsum.photos/337/573,America/St_Barthelemy,0,0,70a83b66-c57a-44d6-8340-366cc5e13f77,524e761a-046c-442e-8370-128987af224f,0,0,0,0,1,1,1,0,1,0,Asia/Qostanay,0,0,0,1,,0e589a754bd0b477ac5984af6a7a6a4a,acct_9ed7872af00601387602e845c93ba62b,0,0,,,,,BE,0,1,False,71591434-62f9-410f-b534-50ba167f3a32,1,13.365081,102.089038,1978-01-05,1,15140015659,Cooperfurt,1996-01-21 21:51:12,1973-07-12 06:11:14,,29706,,,,1981-12-19 22:19:49,1990-02-21 20:34:59,
51,T100051,U100051,Deborah Fry,female,"time.struct_time(tm_year=2000, tm_mon=5, tm_mday=28, tm_hour=0, tm_min=0, tm_sec=0, tm_wday=6, tm_yday=149, tm_isdst=-1)",julie98@example.net,756.537.6768,2704,55729,1,73,140,57,797866178.0,1611360406.0,1_3_days,Home,54,$5-$9.99,4,1637,1,3,1,https://placekitten.com/106/707,https://placekitten.com/816/89,America/Goose_Bay,1,1,0e0288dd-5f2a-4d81-b529-0baaec62999a,04e8fb07-3315-4760-a92b-e1600ea900fc,0,0,0,0,1,1,1,0,1,0,Africa/Casablanca,1,0,1,1,,5ed3804e4cac487bcb4dbcae2a52c6cd,acct_a6c833b42f5f9687c32b2c7fa0d7b76f,1,0,,,,,KP,1,0,True,7373fc05-31fd-48fc-97a4-89d0b4801b64,1,-18.4301105,18.646319,1989-08-29,1,16253896266,Dannychester,2001-12-03 09:08:24,1981-04-08 06:46:40,,43915,,,,1999-12-25 16:55:36,2021-09-16 04:50:31,
52,T100052,U100052,Christine Day,female,"time.struct_time(tm_year=1915, tm_mon=1, tm_mday=17, tm_hour=0, tm_min=0, tm_sec=0, tm_wday=6, tm_yday=17, tm_isdst=-1)",melissa06@example.net,845.794.2316x74714,7148,80525,1,57,137,65,49731046.0,78939614.0,do_not,Home,360,Less than $5,3,605,1,1,1,https://dummyimage.com/494x10,https://picsum.photos/25/701,Europe/Andorra,1,0,43008942-878b-4651-8f84-0c760434161a,32bcac40-720d-486a-98e3-7e9f1898fc20,0,1,1,1,1,1,0,1,0,0,Antarctica/Casey,0,0,0,1,,f1c143a9c7f4b3b3ab3ad8aee2cdb9db,acct_e6e46f071ebe766fbc209cda403f5a1d,0,0,,,,,ET,0,0,True,d48ab1ce-4f02-466b-ae66-cbfd7f04275d,0,56.6997745,-101.643242,1979-04-21,1,15171203673,West Mary,2003-04-25 04:16:03,1980-03-14 15:27:28,,15724,,,,1979-07-05 04:59:09,1972-07-16 18:31:43,
53,T100053,U100053,Erin Hess,female,"time.struct_time(tm_year=1929, tm_mon=1, tm_mday=3, tm_hour=0, tm_min=0, tm_sec=0, tm_wday=3, tm_yday=3, tm_isdst=-1)",birdpatricia@example.net,001-457-843-8615x0982,1446,48681,0,57,136,114,1044218041.0,1313918352.0,1_3_days,Restaurant,286,$5-$9.99,3,1102,0,3,1,https://picsum.photos/935/867,https://placekitten.com/154/897,Africa/Sao_Tome,0,0,db31837b-6a51-48f9-8d37-2af6dc3580e3,07c672e8-49c2-49ec-abda-87aceac325c2,1,1,1,0,1,1,0,1,1,1,Etc/GMT-11,1,0,1,0,,7da5fbdbd51681a9ed9a5ee1d5098a40,acct_b81e938dbf9608278e4d6d2b02418e5e,0,1,,,,,CU,0,1,False,a2f71f2a-e592-4f92-982b-b4305542ffb4,0,-66.256139,175.129683,2018-05-29,0,16329299043,Sosaport,2016-02-20 11:03:43,1990-04-03 17:47:08,,74882,,,,2003-10-11 18:48:33,2021-02-20 04:19:34,
54,T100054,U100054,Rebekah Rivera,female,"time.struct_time(tm_year=1964, tm_mon=2, tm_mday=18, tm_hour=0, tm_min=0, tm_sec=0, tm_wday=1, tm_yday=49, tm_isdst=-1)",richardallen@example.org,+1-960-930-0293x08385,22948,96333,1,80,88,71,253166651.0,945256406.0,1_3_days,Home,123,$5-$9.99,4,1604,0,2,0,https://picsum.photos/916/430,https://placekitten.com/187/617,Etc/GMT+7,1,1,bfa48c65-80f2-4aa9-b5e9-4d257a10e199,fa2a72b6-aba8-4795-b522-38e5e33e89f9,1,1,1,1,1,1,1,1,0,0,Indian/Mayotte,1,1,0,0,,b46ba4ba0ed2ed2d2fae78dcbb3ef7da,acct_6554522da9fe3574dcb16f062367e237,1,0,,,,,GW,0,1,False,3c6175b1-ecc6-4b22-9bd7-de069788a9e4,1,42.5433745,-83.514641,2002-10-05,1,15899226436,Collinsside,1978-03-24 11:58:16,1992-12-29 07:27:16,,28064,,,,2007-09-03 05:46:53,1985-04-03 09:12:57,
55,T100055,U100055,Monica Moran,female,"time.struct_time(tm_year=1933, tm_mon=2, tm_mday=5, tm_hour=0, tm_min=0, tm_sec=0, tm_wday=6, tm_yday=36, tm_isdst=-1)",crystal68@example.com,+1-469-865-0958,10504,95768,1,78,128,64,1549787363.0,1619387200.0,1_3_days,Home,126,$5-$9.99,4,723,0,3,1,https://picsum.photos/154/944,https://placekitten.com/486/460,Australia/Darwin,1,0,ae6aabb7-1194-4d5f-9fc1-6e3082bfceb1,280e52a6-d34d-4c3e-ac23-afb851016709,1,0,1,0,1,1,1,1,0,1,Kwajalein,0,1,1,0,,b3a40573cd58979f53b99de75d14a37b,acct_9a3b5ba4f810ce534fa4e5c7e4f4cd6a,0,1,,,,,TO,0,1,False,719aff32-b6df-439a-b2ce-94a979e32d2f,1,-31.458415,134.832899,1994-04-16,1,15665589986,West Sarah,1999-05-29 17:55:17,1994-12-30 15:25:53,,71886,,,,1973-09-08 04:30:28,1998-07-26 11:08:08,
56,T100056,U100056,Rachel Price,female,"time.struct_time(tm_year=1924, tm_mon=9, tm_mday=19, tm_hour=0, tm_min=0, tm_sec=0, tm_wday=4, tm_yday=263, tm_isdst=-1)",vvilla@example.net,(817)397-2118x44230,3453,89875,0,73,106,54,167400303.0,986791642.0,1_3_days,Restaurant,497,Less than $5,4,157,1,3,1,https://picsum.photos/73/198,https://picsum.photos/410/1010,Etc/GMT0,0,0,760cda24-4c75-4e14-ba24-ed4b26fb7929,faf826b2-95aa-4cbe-b0f5-674cd51c822e,1,1,0,1,1,1,1,1,1,0,America/Indiana/Vincennes,0,0,0,0,,11e8f6e3da3e7f380f2ce6b9db8590d9,acct_9ddaac062308ac37019b9ad5958272eb,1,0,,,,,SE,0,0,True,f97d2a81-804c-41dc-8cc8-9f2d57202280,1,-72.4513355,105.061315,1974-07-13,0,16550746655,West James,2021-08-21 22:21:27,2023-03-12 23:53:25,,85801,,,,2005-11-01 12:15:07,2004-01-25 11:44:48,
57,T100057,U100057,Bianca Figueroa,female,"time.struct_time(tm_year=1940, tm_mon=12, tm_mday=9, tm_hour=0, tm_min=0, tm_sec=0, tm_wday=0, tm_yday=344, tm_isdst=-1)",jamesgreen@example.org,(678)773-1304x5774,10284,29093,0,77,146,86,1690086193.0,786977536.0,1_3_days,Home,297,$5-$9.99,4,692,1,3,0,https://placekitten.com/531/287,https://placekitten.com/641/699,Europe/Bratislava,1,1,6bd38251-1dde-46eb-80d1-ec86a91566f6,ea0a645e-baea-4f38-be07-f1486d129543,1,0,1,0,1,1,1,0,1,0,Europe/Istanbul,1,1,1,1,,5b688f2f2291cc4f7bca208de1f451fe,acct_f9945ffa88bba7f3287bc3069b82da6a,1,0,,,,,SL,0,1,True,731d09bf-85c0-49b6-8e4f-8c4fbc7ba265,1,-40.1647765,26.638727,2018-07-24,1,15170635706,Maryborough,1986-12-05 12:31:31,2011-04-25 02:01:29,,84207,,,,2023-01-26 02:48:54,1977-04-04 22:48:51,
58,T100058,U100058,Samantha Stanley,female,"time.struct_time(tm_year=1977, tm_mon=7, tm_mday=26, tm_hour=0, tm_min=0, tm_sec=0, tm_wday=1, tm_yday=207, tm_isdst=-1)",ilawson@example.net,378.774.1720x634,8751,98109,0,74,102,84,1137789459.0,238119573.0,1_3_days,Restaurant,179,Less than $5,2,1276,1,3,1,https://picsum.photos/992/176,https://dummyimage.com/403x521,America/Porto_Acre,1,0,8c2dc5ed-a0a8-470b-bef1-aed7e429683d,93b244dd-5766-4629-89fc-3d73fa4e02a4,1,0,1,0,1,1,1,0,1,0,Africa/Johannesburg,1,0,1,0,,39b01e8cbcffa4d4aced891770448b31,acct_4ac15f6e8457f274092df10a4d09e671,0,1,,,,,HR,0,0,True,3bb30806-0c8d-4d4e-be47-7fa852b12587,1,-26.9832425,81.422767,2000-08-01,0,16767655818,Weavershire,1987-10-28 12:23:35,1979-05-27 20:49:26,,61999,,,,2011-12-25 08:11:55,2012-11-04 22:12:28,
59,T100059,U100059,Maria Johnson,female,"time.struct_time(tm_year=1990, tm_mon=10, tm_mday=5, tm_hour=0, tm_min=0, tm_sec=0, tm_wday=4, tm_yday=278, tm_isdst=-1)",cummingsrobin@example.org,714.771.1899x7485,353,59312,0,76,132,87,1202334129.0,1222257146.0,1_3_days,Home,489,$5-$9.99,1,1534,0,1,1,https://dummyimage.com/103x540,https://picsum.photos/301/104,America/Port-au-Prince,0,1,6c6f7153-cf03-4a6c-84b6-2d58e737a7c9,45d3e051-29ea-48e8-97d4-231c0d1b73c8,1,1,0,0,1,1,0,0,1,0,Europe/Belgrade,0,1,1,1,,5cca081fa31b439bab0268dbd6389b41,acct_b6d6e3b8ebc3de683473e1b7f0bb9e85,0,1,,,,,ID,1,0,False,686973ce-76a9-4959-a791-8a2503deea6c,1,31.7385495,-54.469429,1979-12-28,1,15309986455,Deborahburgh,1984-05-25 21:50:40,1983-08-01 15:23:04,,02530,,,,1979-09-07 14:07:06,2005-06-04 02:42:54,
60,T100060,U100060,Patrick Campos,male,"time.struct_time(tm_year=1967, tm_mon=1, tm_mday=25, tm_hour=0, tm_min=0, tm_sec=0, tm_wday=2, tm_yday=25, tm_isdst=-1)",luiswright@example.com,+1-860-825-7106,13009,67357,0,59,75,77,673674083.0,1536951921.0,1_3_days,Restaurant,493,Less than $5,4,560,0,2,1,https://dummyimage.com/912x237,https://dummyimage.com/848x822,MET,0,0,b3b67649-8d2e-42c8-8951-4bcd4a4538b0,04533ceb-95be-40fc-9639-682914d23419,0,1,0,0,1,1,0,1,0,1,Africa/Mbabane,1,0,1,0,,2a78a8b50bb5391523db460b2b2c23b3,acct_275b8e73bcec16d6644753a92e718beb,1,1,,,,,IS,0,0,False,6073212a-5c61-45de-b239-86e50fb0eaab,1,77.476177,112.801526,1993-10-20,0,16288162326,Lake Donnachester,1999-11-18 11:43:51,1988-01-08 05:52:11,,46136,,,,1985-02-19 00:56:07,1996-07-09 12:27:29,
61,T100061,U100061,Matthew Dorsey,male,"time.struct_time(tm_year=2016, tm_mon=3, tm_mday=25, tm_hour=0, tm_min=0, tm_sec=0, tm_wday=4, tm_yday=85, tm_isdst=-1)",lisabradley@example.com,451.842.4668x9530,16032,86174,0,79,134,105,233778679.0,1140858409.0,do_not,Home,312,$5-$9.99,3,705,0,1,0,https://placekitten.com/457/92,https://dummyimage.com/59x765,America/Argentina/Tucuman,1,0,047538c4-fa0c-4011-8976-0445a6cd9f99,4458b7bd-905f-42af-97db-d794645e52d1,1,1,1,0,1,1,1,0,1,1,America/Merida,0,0,1,0,,a6f58c9d66b128aacd7fc4e97b747c41,acct_44ec336a9be851de58621144fb269e63,0,0,,,,,LR,1,0,False,2f5854cb-c55c-462e-9ad5-3623045bb2ff,1,-12.125644,-94.971928,2002-09-17,1,15880830963,South Ronald,1996-02-28 06:07:26,2006-11-09 19:33:52,,43003,,,,2017-10-20 17:06:05,2016-04-12 17:30:31,
62,T100062,U100062,Jonathan Smith,male,"time.struct_time(tm_year=1927, tm_mon=11, tm_mday=17, tm_hour=0, tm_min=0, tm_sec=0, tm_wday=3, tm_yday=321, tm_isdst=-1)",roberthardy@example.com,921-514-6156,17072,29162,1,76,102,50,848050235.0,1609411255.0,1_3_days,Home,10,$5-$9.99,4,870,0,1,0,https://dummyimage.com/144x482,https://placekitten.com/234/892,Pacific/Port_Moresby,0,1,d12827c2-0a2a-4e02-8d13-feca610c24e8,0fcc9588-9579-41ff-a3a3-68a1c03206a5,0,0,1,1,1,1,0,0,0,1,Pacific/Kanton,1,1,0,1,,f98d2ddc41910fdc9231e2e295b24a50,acct_f35814f965bfdf3e3a1a80dabe00734e,0,0,,,,,NA,0,1,False,77c414e3-1063-43b0-91e8-325dd0eaf2d2,0,-80.5289235,-175.404405,2016-12-17,0,16315506853,Darrenview,1975-05-05 18:13:57,2016-07-01 20:40:29,,81791,,,,1972-07-27 13:46:26,1991-02-14 22:38:32,
63,T100063,U100063,Donald Owen PhD,male,"time.struct_time(tm_year=1957, tm_mon=6, tm_mday=30, tm_hour=0, tm_min=0, tm_sec=0, tm_wday=6, tm_yday=181, tm_isdst=-1)",emilygordon@example.net,7973006996,4733,17662,1,67,104,76,196003829.0,1474106420.0,1_3_days,Home,45,Less than $5,2,536,0,3,1,https://dummyimage.com/14x266,https://placekitten.com/358/802,Pacific/Ponape,1,0,616b81a3-7350-43de-abb7-4bb97677af49,e89603ad-39ac-416a-b4a9-d2d1eef150d0,0,1,0,0,1,1,0,1,0,1,US/Arizona,0,1,0,0,,901b00e0b129ec3805d31e39a1e437dd,acct_d2ad66ff0b4664bf53c0cd5ce2b1e319,1,0,,,,,PH,0,0,False,69b844f5-f717-4e13-bb53-24539a30affa,0,-72.0403875,-81.615112,1997-06-21,1,15641872871,Jacquelineborough,2010-08-08 11:07:59,1970-06-21 16:07:18,,15225,,,,1976-04-13 23:47:11,1973-05-02 23:13:10,
64,T100064,U100064,Cameron Hill,male,"time.struct_time(tm_year=1962, tm_mon=3, tm_mday=23, tm_hour=0, tm_min=0, tm_sec=0, tm_wday=4, tm_yday=82, tm_isdst=-1)",williamstevens@example.net,(844)546-6908x6459,19921,43135,1,78,137,84,1066765029.0,693917266.0,do_not,Restaurant,365,Less than $5,3,1754,0,2,0,https://picsum.photos/454/46,https://picsum.photos/297/534,America/Guyana,0,0,fc78bf42-ed6f-4c99-852c-667e6d1afd7c,75158342-cbcb-4b57-8e70-5a09b13f6bea,0,0,0,1,1,1,0,1,1,0,Turkey,1,1,1,0,,63370181691b5b52e7683cdec1548b27,acct_1d9e51d01f41c8c23dc1b66e019e7a5e,1,1,,,,,NL,0,0,True,ed3c205b-64ff-4665-a295-93b00b89d0a7,1,68.1289365,46.175442,1981-10-04,0,16382620819,Sarahberg,2000-02-27 09:13:28,2022-10-08 05:30:33,,62824,,,,2008-09-03 07:59:30,2003-02-09 04:49:03,
65,T100065,U100065,Brian Mitchell,male,"time.struct_time(tm_year=2009, tm_mon=12, tm_mday=7, tm_hour=0, tm_min=0, tm_sec=0, tm_wday=0, tm_yday=341, tm_isdst=-1)",shelbyrodriguez@example.com,697-330-6605,7126,70986,1,71,42,61,423464621.0,25434022.0,1_3_days,Home,290,Less than $5,3,1710,1,2,0,https://dummyimage.com/984x310,https://picsum.photos/649/131,Atlantic/Jan_Mayen,0,0,d9312bee-3cb6-45d4-b8fb-687535159a65,092ad168-0236-4437-a67c-773dfcc79c2f,1,1,1,1,1,1,0,1,0,1,America/Bahia_Banderas,0,0,0,0,,e8bd63ef7b18d391fbd9989e19cd3020,acct_b42df408e0acbc61293d31ee1d4d4908,1,0,,,,,CO,1,1,False,87dc5ffc-c29b-490c-98eb-91d6fa61942b,0,25.0988845,-30.426922,1986-02-01,1,15710747380,New Stephanie,1996-07-08 14:30:24,1972-09-04 20:29:58,,52067,,,,2003-02-05 03:22:03,1976-02-20 14:08:15,
66,T100066,U100066,Dr. Joel Fowler,male,"time.struct_time(tm_year=1929, tm_mon=7, tm_mday=2, tm_hour=0, tm_min=0, tm_sec=0, tm_wday=1, tm_yday=183, tm_isdst=-1)",kimberlyberry@example.com,239-709-0388x55321,16813,60611,1,70,138,70,1501002368.0,1090949158.0,do_not,Restaurant,37,$5-$9.99,1,846,1,3,0,https://placekitten.com/94/950,https://placekitten.com/60/751,Etc/GMT+10,0,0,02904b75-e3ee-481f-8979-86459f2121bd,00394a6f-747a-4172-b545-6053815b5140,0,0,0,1,1,1,1,1,1,0,Africa/Niamey,1,0,1,0,,e20647bd6b34cbe397a1adc8c33320eb,acct_97fd42c6e082fa9aaa87465271f64ad5,1,1,,,,,DE,0,0,False,4a4258f6-8374-48b3-a00b-fa9bda9e2104,0,13.9639715,107.839844,2009-04-22,0,15057273133,Zacharyville,1983-03-17 15:32:53,1974-04-13 04:33:58,,62834,,,,2005-08-08 06:07:41,1970-02-28 11:36:31,
67,T100067,U100067,Anthony Mendoza,male,"time.struct_time(tm_year=1971, tm_mon=2, tm_mday=5, tm_hour=0, tm_min=0, tm_sec=0, tm_wday=4, tm_yday=36, tm_isdst=-1)",jacobsonjose@example.org,417.337.3607x8364,20139,12119,1,74,82,50,544144226.0,37292600.0,1_3_days,Home,323,$5-$9.99,1,1186,1,2,1,https://placekitten.com/451/423,https://picsum.photos/121/941,EST5EDT,1,0,74dea823-2d32-41fa-a061-e77f19c6a704,2e9726a0-b9e1-46a5-8610-562b09b66062,1,1,1,0,1,1,0,0,1,0,Africa/Khartoum,0,0,1,1,,2f5048fb141b9b2b64d0a0be62ecd3f3,acct_779d43cd873aaa1fe489edb693ad068f,0,1,,,,,MC,0,1,False,cbef1df5-2745-4e85-9d70-5e0c05747143,1,43.760710,53.671560,1975-07-12,1,16593749269,Jennifermouth,1982-05-07 04:13:01,2001-12-27 13:26:32,,94185,,,,1992-06-12 02:45:13,1990-06-08 16:22:10,
68,T100068,U100068,Bradley Brown,male,"time.struct_time(tm_year=1958, tm_mon=1, tm_mday=7, tm_hour=0, tm_min=0, tm_sec=0, tm_wday=1, tm_yday=7, tm_isdst=-1)",tannerteresa@example.net,001-337-884-7059,18590,56620,1,66,125,115,1404792614.0,963885578.0,do_not,Home,200,Less than $5,4,1771,1,2,1,https://picsum.photos/720/841,https://placekitten.com/189/568,US/Eastern,1,0,70ca4a67-28ed-49b6-85e7-303d5b51eff2,90080ed1-c91d-45eb-b6c1-c8f66bf207c8,1,1,1,0,1,1,1,1,1,0,Asia/Dili,1,0,0,0,,fcdc83c8df085aac642089dfd3b1a091,acct_83dc9356dc88691560dee3cbaf9a58e6,1,1,,,,,KZ,0,0,False,b10e470d-71bd-494d-b513-f18d4dda8dad,1,39.5213445,6.089042,1989-11-13,0,16412587498,Lake Timothy,2010-01-30 06:30:25,2017-06-01 22:24:22,,10828,,,,1986-04-10 00:26:53,2018-10-25 18:02:04,
69,T100069,U100069,Zachary Bell,male,"time.struct_time(tm_year=1967, tm_mon=8, tm_mday=29, tm_hour=0, tm_min=0, tm_sec=0, tm_wday=1, tm_yday=241, tm_isdst=-1)",anthony37@example.org,758.446.2935x290,17834,70641,0,57,87,117,1018500026.0,870495031.0,1_3_days,Home,40,Less than $5,1,1214,0,1,0,https://placekitten.com/584/19,https://picsum.photos/15/9,Asia/Harbin,1,0,de3050f0-85b1-4099-9dee-d7a7189f251e,b11b4ea7-b17b-4013-8010-eaf1045fc375,1,1,0,0,1,1,1,1,0,1,Brazil/DeNoronha,1,0,1,1,,00b6f022fd32d39b4f0a96a8086ea154,acct_4a3ff6135d3e7322361ad0a6d54fbe73,1,1,,,,,AF,0,1,False,17282588-c929-4013-987c-1314c546604e,1,31.783471,-107.593843,1987-04-14,0,15487258993,Gonzalezchester,1970-12-14 21:53:49,1994-06-03 00:25:34,,47202,,,,2010-11-19 07:54:49,2002-08-03 07:37:09,
70,T100070,U100070,Carlos Olsen,male,"time.struct_time(tm_year=1913, tm_mon=6, tm_mday=4, tm_hour=0, tm_min=0, tm_sec=0, tm_wday=2, tm_yday=155, tm_isdst=-1)",samuelpitts@example.org,(501)218-2453x2058,16481,35871,1,65,45,78,718683314.0,322622517.0,do_not,Home,229,Less than $5,2,289,0,1,1,https://picsum.photos/78/249,https://placekitten.com/54/429,Pacific/Johnston,0,0,b105449b-21ec-4c27-9a20-befe9059bbf2,8de5a959-30f3-4643-9ad7-2fab5e8b093d,1,1,0,1,1,1,1,0,0,0,Europe/Uzhgorod,0,1,0,1,,38094e2ca3781a8f61b986c2c95ec8f1,acct_4fe8bbe5c47eef568d8563f88cffb3e3,0,0,,,,,CR,1,0,True,fe3c16b2-7c86-42fd-badf-f1c369aaf06d,1,2.229946,-66.732768,2020-09-10,1,15376575768,North Duanestad,2014-09-18 22:30:34,1975-01-10 22:37:41,,61352,,,,2005-07-12 02:17:52,2006-08-09 23:41:02,
71,T100071,U100071,Patrick Cooke,male,"time.struct_time(tm_year=1982, tm_mon=2, tm_mday=15, tm_hour=0, tm_min=0, tm_sec=0, tm_wday=0, tm_yday=46, tm_isdst=-1)",johnsontimothy@example.com,+1-211-953-2305,5818,35387,0,79,91,56,544348653.0,783446219.0,do_not,Restaurant,386,Less than $5,2,947,0,1,1,https://dummyimage.com/29x250,https://picsum.photos/221/819,America/Grenada,0,1,91627300-f866-4698-8c8a-0f989d5fd3a8,120d6ec7-5b8f-4118-aead-4992c90be248,0,0,1,0,1,1,1,0,0,0,Asia/Tomsk,1,1,0,0,,ba924185ca6b5e0e3d4cbe425e5a8d98,acct_4f0a0f1a4c2e3e5bdf6dd3f4c460d234,0,0,,,,,BT,1,0,True,01598f4f-463f-4f63-ae69-551d9ff28719,1,69.1228385,157.813682,1993-04-08,0,16658156023,North Hector,1971-10-29 16:05:25,2001-07-22 08:07:17,,45957,,,,2020-04-03 09:18:58,1976-12-19 21:00:49,
72,T100072,U100072,Neil Gibson,male,"time.struct_time(tm_year=1920, tm_mon=5, tm_mday=16, tm_hour=0, tm_min=0, tm_sec=0, tm_wday=6, tm_yday=137, tm_isdst=-1)",martinstephanie@example.com,+1-327-810-8877x686,10046,46252,1,71,135,95,1628850833.0,240357365.0,do_not,Home,60,$5-$9.99,3,388,1,1,1,https://dummyimage.com/564x242,https://picsum.photos/591/687,Etc/GMT+6,0,0,ce6f937f-6680-47bb-9f74-776ea4dea30d,ad7b913c-c4e6-4d62-86c7-117bc58edce9,0,0,0,0,1,1,1,0,1,1,Europe/Andorra,1,0,0,1,,fbae893b384c54434c51f063b040cda0,acct_94f69d1e2d5807c80c0bc29aa6c87c69,1,1,,,,,BF,0,1,True,dc99ca70-4709-4d5b-a457-fa5af427e3e1,0,76.599784,134.853549,2014-04-24,0,15497110431,Mollychester,1986-10-09 11:30:36,1993-01-24 13:17:49,,93251,,,,2020-11-25 20:12:38,1982-12-10 13:48:07,
73,T100073,U100073,Brandon Gonzalez,male,"time.struct_time(tm_year=1951, tm_mon=4, tm_mday=13, tm_hour=0, tm_min=0, tm_sec=0, tm_wday=4, tm_yday=103, tm_isdst=-1)",morgan65@example.net,(527)371-7700,10204,94452,1,76,92,82,1651109255.0,1692757986.0,1_3_days,Home,52,Less than $5,3,1122,0,3,1,https://dummyimage.com/673x757,https://placekitten.com/5/284,Pacific/Midway,0,1,23b14316-6cb5-42a5-9f82-3cdcb847e308,5580a3b9-62f3-4803-8c47-53c2f4ffeaf6,1,0,1,0,1,1,1,0,1,0,Pacific/Kosrae,0,0,1,1,,2eb80462577a6af47a43fe0ae60e8525,acct_5ac7b0b95ccdb828cf43a586a2444f8d,1,1,,,,,ET,1,0,False,9653ccef-98e9-4b27-85fb-f423885a46d0,0,37.4574135,-173.170381,2000-10-22,1,16986622991,Johnsonton,1971-03-20 20:52:14,1977-08-26 03:16:09,,86093,,,,1982-05-26 00:20:55,1988-02-26 05:36:36,
74,T100074,U100074,Jon Kennedy,male,"time.struct_time(tm_year=1929, tm_mon=9, tm_mday=9, tm_hour=0, tm_min=0, tm_sec=0, tm_wday=0, tm_yday=252, tm_isdst=-1)",tylerangela@example.com,361-222-7908x9769,2764,87547,0,79,42,53,1411375986.0,659910086.0,1_3_days,Home,309,Less than $5,2,499,1,3,0,https://picsum.photos/134/533,https://picsum.photos/390/444,America/Curacao,1,1,9f7f638d-fc10-4a5e-8bbf-5fbb61dd6029,3a0f6069-e169-4ee2-a832-70b644de64c2,0,1,1,0,1,1,1,0,0,0,America/Maceio,0,1,0,1,,e1d406aec1de3e9a6eaa2055aa00d068,acct_91697f6b71d9350f9434f34b293d84f1,1,1,,,,,GE,0,0,False,93629e0c-b283-4aa0-b40f-c7639d29d115,1,-22.8031295,159.588955,2012-06-30,1,16991945942,Conniebury,1992-01-08 19:59:14,1996-05-15 10:06:00,,23034,,,,1973-01-13 12:18:48,1979-12-20 04:43:28,
75,T100075,U100075,Thomas Curtis,male,"time.struct_time(tm_year=1947, tm_mon=11, tm_mday=14, tm_hour=0, tm_min=0, tm_sec=0, tm_wday=4, tm_yday=318, tm_isdst=-1)",owilliams@example.com,363.340.9245x48686,5739,59015,1,70,113,74,1457383907.0,386259226.0,1_3_days,Restaurant,74,$5-$9.99,3,835,0,1,0,https://dummyimage.com/570x376,https://placekitten.com/945/917,Pacific/Yap,0,0,1af75551-8751-44a4-bf6f-98f74e71550f,4dcf29d7-7fed-45c7-8f3b-c2b5a39d7201,1,1,0,0,1,1,1,1,1,1,Africa/Gaborone,0,1,1,0,,3af6c82252f62e424e2174d84ca3c994,acct_c232cb4696e7bb7ef8f9e313b9386825,0,0,,,,,LS,1,1,True,f354386a-c809-4ec7-b8dc-4ecb9dbfaebe,1,-32.8619915,116.131742,1976-07-19,1,15533586010,New Mariaborough,1973-09-26 08:14:36,2001-02-14 13:07:17,,95683,,,,2009-05-15 13:50:38,2021-03-29 06:27:49,
76,T100076,U100076,Kevin Matthews,male,"time.struct_time(tm_year=1971, tm_mon=4, tm_mday=9, tm_hour=0, tm_min=0, tm_sec=0, tm_wday=4, tm_yday=99, tm_isdst=-1)",tylerandrew@example.com,(997)252-5371x1566,14149,42786,0,66,49,120,880510164.0,1400824855.0,do_not,Home,155,Less than $5,3,183,0,3,0,https://placekitten.com/929/93,https://placekitten.com/345/478,Africa/Porto-Novo,0,1,b8b341db-74d6-4b56-8759-8e765bbc872c,91b343b3-4975-4350-84cd-678cac774948,0,1,0,1,1,1,1,0,0,1,Asia/Famagusta,1,0,0,0,,ed07bdf109d7ccb6e5602c79a60417d9,acct_c396b2b9596466d45acffa9c97d864ab,1,1,,,,,HU,1,1,False,d5ff27e3-4fc3-4566-b44f-862f18bf9c18,1,-34.4394925,99.993824,1976-02-05,0,16130923580,Bakerville,1976-04-29 02:23:06,1980-01-15 18:29:20,,76842,,,,1975-12-14 03:36:06,1988-07-03 00:18:37,
77,T100077,U100077,Aaron Baker,male,"time.struct_time(tm_year=2005, tm_mon=6, tm_mday=7, tm_hour=0, tm_min=0, tm_sec=0, tm_wday=1, tm_yday=158, tm_isdst=-1)",vscott@example.com,(295)933-8186x9288,994,72259,0,71,57,78,1694038050.0,1439821142.0,1_3_days,Home,79,Less than $5,4,1589,1,3,0,https://dummyimage.com/565x688,https://picsum.photos/653/263,Africa/Maputo,1,1,7b0f69ac-813a-4102-986c-7672eae226f3,63cdc89a-f730-471d-bf2a-28dcaed4e5cb,1,1,0,0,1,1,1,0,1,1,Europe/Riga,1,1,0,0,,8f064e6c7bbca907d54512ccfa6ec673,acct_c6e93e0986c169398f9c0a46c34ac4bf,0,1,,,,,IQ,0,0,False,d6622a53-e70f-4b4f-8c19-98cb1a04d741,1,7.746640,29.510375,2006-07-11,0,15753571193,New Jenniferside,2014-08-29 15:23:40,1988-09-04 22:25:32,,91982,,,,2014-07-03 23:24:14,1972-03-17 09:03:08,
78,T100078,U100078,Michael Frederick,male,"time.struct_time(tm_year=1987, tm_mon=2, tm_mday=27, tm_hour=0, tm_min=0, tm_sec=0, tm_wday=4, tm_yday=58, tm_isdst=-1)",tina14@example.com,312-518-7520x3760,17241,73333,0,66,85,82,826364789.0,131810580.0,do_not,Home,37,$5-$9.99,2,645,1,2,1,https://dummyimage.com/799x773,https://placekitten.com/380/775,Indian/Mayotte,0,0,2537bd52-63a8-4c3e-bc24-0c362e4173c4,deef04be-abab-4952-9a8a-9976f60744d6,1,0,1,0,1,1,0,1,1,1,Antarctica/Rothera,0,0,0,0,,2539c6b8e9dc19c50d3031f9dad0f2d1,acct_c74022a8534996208cf62d99afe01686,0,1,,,,,AZ,0,1,False,cc6aec59-4691-43e4-9168-088f8d65663f,0,82.0615975,11.324440,1974-06-21,0,15682234070,Pachecoland,2012-08-07 19:39:10,2009-01-31 05:21:26,,98689,,,,1982-03-10 23:51:25,1989-05-27 07:37:57,
79,T100079,U100079,Terry Reilly,male,"time.struct_time(tm_year=2003, tm_mon=4, tm_mday=2, tm_hour=0, tm_min=0, tm_sec=0, tm_wday=2, tm_yday=92, tm_isdst=-1)",sharon27@example.com,424-412-8728x597,14930,61660,1,58,43,114,671975569.0,1115430674.0,do_not,Restaurant,87,$5-$9.99,4,394,1,1,1,https://picsum.photos/103/560,https://dummyimage.com/1003x840,Canada/Pacific,0,1,261019ee-0110-4342-9f9f-68f6c93eb437,3224c027-2896-43a0-a289-ac440728f8ff,0,0,1,1,1,1,0,1,0,1,America/Jamaica,1,0,0,1,,65b3dda4ce17971de9ca51c82a0d9b9d,acct_329735559bbcda43cb884b031f0bace1,0,0,,,,,SE,1,1,False,747eb126-5190-4001-84de-a61ee6c00f89,0,-17.325725,-54.935629,1977-11-20,0,15389079954,Port Nicholas,1979-12-30 17:28:22,1986-09-08 06:31:58,,91906,,,,1985-05-27 17:08:36,1998-07-21 21:44:35,
80,T100080,U100080,Brandon Caldwell,male,"time.struct_time(tm_year=1931, tm_mon=3, tm_mday=18, tm_hour=0, tm_min=0, tm_sec=0, tm_wday=2, tm_yday=77, tm_isdst=-1)",jamesdunn@example.com,842-678-7236,7516,67825,1,80,121,112,1336419224.0,1057171951.0,1_3_days,Home,186,Less than $5,4,479,1,1,0,https://placekitten.com/301/687,https://picsum.photos/195/806,America/Indiana/Petersburg,1,1,a0460dbb-74e1-496d-a447-49efc7955b14,4e391229-36aa-4d75-baa1-e615d75f5fd4,0,0,0,1,1,1,1,1,0,1,Australia/Lindeman,0,0,1,0,,b03fc8ac89e44631b156efeb398e1b04,acct_01d6acb799a952c1e47483ef27319cfa,1,1,,,,,AM,1,0,False,b91e250b-54d1-443a-8eff-44d20202224f,1,56.6871945,-19.560974,1990-11-02,1,16101843160,Harrisland,2006-03-15 14:28:16,2017-09-10 09:42:46,,67310,,,,2000-03-23 10:32:45,2001-06-20 03:42:54,2003-03-02 05:19:49
81,T100081,U100081,Michael Smith,male,"time.struct_time(tm_year=1926, tm_mon=9, tm_mday=25, tm_hour=0, tm_min=0, tm_sec=0, tm_wday=5, tm_yday=268, tm_isdst=-1)",rzhang@example.net,731.884.1349,15076,34877,0,77,101,93,335673980.0,1224535413.0,do_not,Restaurant,266,Less than $5,1,1602,0,3,0,https://dummyimage.com/824x770,https://picsum.photos/214/164,Pacific/Fiji,1,1,fc9a5b7a-783c-45de-951d-a92caf6b095a,b437a5f0-ad7c-4759-9a32-4a045420c6b1,0,1,1,1,1,1,0,1,0,1,Pacific/Kwajalein,1,0,0,1,,3d4eec86ff5fa6389426ab2519c1ec97,acct_322ddd26c067176dc9cd81b088f2d67e,1,1,,,,,BY,1,1,False,c4809047-4f5f-4b0b-882e-370a35c32398,0,27.434806,-97.665353,1990-09-11,1,16101350081,North Christy,1985-03-01 07:12:36,2023-05-24 17:06:46,,84939,,,,2009-07-15 04:52:33,1993-03-28 07:49:03,2013-10-09 11:40:34
82,T100082,U100082,Richard Martinez,male,"time.struct_time(tm_year=1980, tm_mon=8, tm_mday=16, tm_hour=0, tm_min=0, tm_sec=0, tm_wday=5, tm_yday=229, tm_isdst=-1)",uklein@example.org,547.466.5872x494,13896,33382,1,56,119,67,540022482.0,1141894887.0,do_not,Restaurant,200,Less than $5,1,45,1,3,1,https://dummyimage.com/942x322,https://picsum.photos/578/27,Etc/GMT-13,1,1,dcf9c4e4-9482-42bf-b913-c24ae9c07102,ccfac6e4-d3cf-46a6-b963-74a9fd6108ad,1,1,0,1,1,1,0,1,1,1,Pacific/Port_Moresby,0,1,0,1,,ecb17fc1c341af399bf86244f7cece2b,acct_67e64299c5580d4532875cb4a1de267e,1,0,,,,,LK,0,1,True,8d3d18de-532f-4b86-a3b4-af3fbb729d27,0,84.5529885,-101.939241,2022-03-18,1,15611035282,Johnchester,1995-08-15 10:01:52,1978-01-25 21:36:55,,56425,,,,1977-08-15 07:54:22,1980-01-29 07:19:49,2015-05-10 18:52:12
83,T100083,U100083,Mr. John Watkins,male,"time.struct_time(tm_year=1959, tm_mon=9, tm_mday=13, tm_hour=0, tm_min=0, tm_sec=0, tm_wday=6, tm_yday=256, tm_isdst=-1)",marie77@example.org,+1-729-827-9111x728,16112,88563,0,58,119,86,11490467.0,1322771025.0,do_not,Restaurant,122,Less than $5,4,472,1,1,1,https://dummyimage.com/434x395,https://placekitten.com/997/124,America/Grenada,0,1,1e439aca-5343-464a-87cd-ae36c6b071f0,54f9c0dc-137f-407e-b93b-9a416f1ebd6b,1,1,1,0,1,1,0,1,0,1,Asia/Tomsk,0,1,1,0,,629dab3b5a238449065774cad9f1315a,acct_613466e1be26a1107c9e496a446d1d77,1,1,,,,,GN,0,0,False,802cb8ca-1b02-4758-bc7b-cd008e28d09a,1,36.044109,27.838659,2011-06-02,0,15809026057,Kelleystad,2016-04-27 16:18:19,1983-11-21 10:31:10,,94721,,,,2003-03-21 19:10:14,1997-07-28 01:27:37,2014-07-22 21:35:11
84,T100084,U100084,Terry Moore,male,"time.struct_time(tm_year=1963, tm_mon=9, tm_mday=23, tm_hour=0, tm_min=0, tm_sec=0, tm_wday=0, tm_yday=266, tm_isdst=-1)",oliviaperez@example.org,(878)581-3085x206,17672,69495,1,61,142,51,1172566906.0,184603629.0,1_3_days,Restaurant,141,Less than $5,3,77,1,1,0,https://dummyimage.com/1020x486,https://placekitten.com/816/456,CET,1,1,ebd62512-3d09-467a-a29e-f4ca998ef075,598c840a-a0ea-469c-87f9-9c4e23c90f29,1,0,0,0,1,1,1,1,0,1,Europe/Tiraspol,1,1,1,0,,50d6498698271d15dcaf4285c744e5ee,acct_3318097b6901848c0f86528dd8ed7a39,0,1,,,,,NG,1,1,True,c01ccf1b-94c4-479e-a9b7-b638fd710a8d,1,69.2977935,-71.330801,2014-12-20,1,15551449070,Williamton,2001-03-23 18:49:36,1976-04-06 06:55:43,,37335,,,,1981-04-29 14:24:22,1972-09-06 07:16:36,2012-01-07 12:27:41
85,T100085,U100085,Timothy Adams,male,"time.struct_time(tm_year=1956, tm_mon=10, tm_mday=23, tm_hour=0, tm_min=0, tm_sec=0, tm_wday=1, tm_yday=297, tm_isdst=-1)",maria42@example.org,217-482-1927x4323,311,16851,0,56,67,107,328456133.0,987724028.0,do_not,Home,319,$5-$9.99,1,377,0,1,1,https://placekitten.com/35/30,https://placekitten.com/728/654,Europe/Nicosia,0,1,88a3a1ce-01b6-413e-a872-1a32838ba9fa,3e3548fa-91cb-4176-b0b5-154a76157226,1,1,0,0,1,1,0,1,1,0,Europe/Berlin,1,1,0,1,,25ccae32ae7948ef5b6278c1db5a2a47,acct_35228007c80d387cde2b270150e893c8,0,0,,,,,PT,1,0,True,5db127c2-af28-4ca4-9d23-b6418ece5110,1,-2.140796,-130.730481,1986-02-14,1,15989293869,North Stephenton,1988-07-29 19:01:22,1987-10-25 19:49:01,,88922,,,,1993-11-07 05:49:38,1984-11-29 10:06:42,1993-10-16 08:30:43
86,T100086,U100086,Chase Olsen,male,"time.struct_time(tm_year=1974, tm_mon=9, tm_mday=29, tm_hour=0, tm_min=0, tm_sec=0, tm_wday=6, tm_yday=272, tm_isdst=-1)",katrinagraham@example.net,+1-973-519-3521,3430,11270,0,62,61,52,1416857778.0,1214519994.0,1_3_days,Home,470,$5-$9.99,3,1061,1,3,0,https://placekitten.com/552/173,https://dummyimage.com/441x375,MST,0,0,26caedbb-be5e-4899-b733-15b1e669effa,413d0969-1b38-4ce2-98a1-55e6bfa07534,0,0,0,1,1,1,0,0,1,1,America/Porto_Velho,0,1,0,0,,5c5eed4c30884a0b48184a18905eb6f6,acct_49ae48960eef1bb106f12f3125819a83,1,1,,,,,US,1,1,True,34e88c90-92bf-43c7-9f2d-d275df52982f,0,43.4614845,-50.233164,2010-05-01,0,16780680343,New Yvette,2009-05-03 20:37:15,1981-11-05 11:25:37,,33981,,,,2001-11-05 23:55:42,1981-06-09 00:10:06,1995-09-23 01:36:41
87,T100087,U100087,John Mendoza,male,"time.struct_time(tm_year=1991, tm_mon=10, tm_mday=19, tm_hour=0, tm_min=0, tm_sec=0, tm_wday=5, tm_yday=292, tm_isdst=-1)",qhicks@example.com,802-302-6967,24955,86119,1,68,70,77,1509600367.0,155689909.0,do_not,Restaurant,32,$5-$9.99,1,1621,0,2,0,https://placekitten.com/119/418,https://dummyimage.com/965x845,Asia/Dubai,1,0,96ff8b5b-df39-45c3-9d6f-9a4b61de3c3d,7003f8b4-0c65-449c-8b29-f87243646c60,1,1,1,0,1,1,1,0,0,0,America/Atikokan,0,1,0,0,,70135c0c369be60112e9879f982503b8,acct_1333d154af04a9fe15ee6bf475397802,1,1,,,,,KR,0,1,False,5353ab8d-e754-4927-919b-54b59bbd6995,1,-45.574030,-112.707436,2013-12-03,0,15488093066,South Scott,1993-09-06 13:45:08,1982-05-28 10:55:04,,55603,,,,1991-11-13 10:46:31,2023-05-14 01:31:47,1990-11-07 16:06:59
88,T100088,U100088,Jordan Brown,male,"time.struct_time(tm_year=1911, tm_mon=3, tm_mday=1, tm_hour=0, tm_min=0, tm_sec=0, tm_wday=2, tm_yday=60, tm_isdst=-1)",josephmoore@example.com,894-369-5148x44049,10266,31257,0,60,78,114,1645455343.0,384435080.0,do_not,Restaurant,71,$5-$9.99,4,560,1,1,0,https://placekitten.com/232/295,https://picsum.photos/894/897,America/Porto_Acre,0,0,c7a37473-adde-4046-a87a-fdd6111b79ca,263066f6-00b4-43af-9db2-821632918d0c,0,0,1,0,1,1,0,1,1,0,Asia/Kathmandu,1,0,1,1,,5984c1c77044bc7cc69542b9b3a63984,acct_734173502a27056de4d719e27d8e82a4,0,1,,,,,CV,1,0,True,1edece1e-af57-47f0-9b00-da4289d91485,0,16.9000965,13.080862,1997-09-12,0,15670637474,Geraldbury,1980-08-12 18:23:13,2006-03-03 18:50:11,,93286,,,,1988-07-25 21:46:41,1982-03-30 10:50:48,2011-08-12 01:11:44
89,T100089,U100089,Jeff Clay,male,"time.struct_time(tm_year=1926, tm_mon=9, tm_mday=9, tm_hour=0, tm_min=0, tm_sec=0, tm_wday=3, tm_yday=252, tm_isdst=-1)",marygomez@example.net,493-504-3431,16235,84573,0,73,132,89,1148748243.0,1119726277.0,1_3_days,Home,455,$5-$9.99,3,1662,0,2,0,https://dummyimage.com/235x534,https://placekitten.com/617/934,America/Buenos_Aires,1,1,34001412-6245-4799-9c9d-a355447ee79a,f2c24d86-e242-43f7-a205-4459c9c6c8fd,0,0,1,0,1,1,1,0,1,0,Pacific/Nauru,1,0,1,0,,a5c0cbc7817318ef2e118bf593184026,acct_7d2891cde279041630bc705812a6d13d,1,0,,,,,TD,1,0,True,3def3582-3411-4015-b327-0a6b3ba7aa86,0,-39.365834,94.582203,2000-05-18,0,16137686366,Elizabethbury,1990-09-11 09:41:56,2002-04-17 23:48:05,,77031,,,,2001-01-23 18:26:20,2019-09-27 14:57:13,2019-11-28 03:36:50
90,T100090,U100090,Manuel Shaffer,male,"time.struct_time(tm_year=1922, tm_mon=9, tm_mday=22, tm_hour=0, tm_min=0, tm_sec=0, tm_wday=4, tm_yday=265, tm_isdst=-1)",kathryn05@example.com,+1-432-973-6934x36916,21664,37464,1,70,66,84,285725402.0,930796711.0,do_not,Home,120,$5-$9.99,3,700,0,2,1,https://dummyimage.com/167x945,https://picsum.photos/949/468,Asia/Urumqi,1,1,898d05d4-482b-4b25-8fb8-2e1fe47a485f,3f7893d4-ea43-42bf-b883-fa67f3a83440,0,1,1,0,1,1,1,0,0,1,Australia/Victoria,1,1,0,1,,ef42a796c12af787e3b38eb051c10ad2,acct_450077b84155dda10bb7dcbbe32fd087,0,1,,,,,AE,1,0,False,f7d9bf1f-050a-4ec2-b313-46f05033aaf2,0,-55.811016,71.956196,1987-11-01,0,16055283380,Seanville,2014-06-05 00:22:27,1991-03-06 22:15:17,,44359,,,,1996-04-03 15:44:22,1977-07-07 20:48:15,1976-08-22 15:06:31
91,T100091,U100091,Kristopher Ross,male,"time.struct_time(tm_year=1967, tm_mon=7, tm_mday=21, tm_hour=0, tm_min=0, tm_sec=0, tm_wday=4, tm_yday=202, tm_isdst=-1)",matthew29@example.net,649.834.6283,11864,68312,0,71,100,81,1192976421.0,244767808.0,do_not,Home,97,$5-$9.99,3,1714,0,3,0,https://picsum.photos/631/623,https://picsum.photos/937/906,Asia/Brunei,1,1,26ad24db-5936-4154-a5e0-b393fa5d8414,0878d711-4e72-4837-b347-9c6bc10c40be,1,0,0,0,1,1,1,1,1,1,America/Punta_Arenas,0,1,0,0,,1457fcc3867d8879e3fe9814e8618929,acct_2801b96238df0133e0de44ebe0220aa8,1,0,,,,,OM,1,0,False,148f453d-6ed4-4243-a61a-a600a967a62a,1,84.5684965,14.668445,2012-10-03,0,15281405472,Sharonborough,1991-08-05 07:23:35,1989-02-26 22:57:54,,32394,,,,2017-06-28 23:08:27,1990-11-20 19:16:41,2012-02-21 02:15:53
92,T100092,U100092,Christopher Newman,male,"time.struct_time(tm_year=1956, tm_mon=8, tm_mday=12, tm_hour=0, tm_min=0, tm_sec=0, tm_wday=6, tm_yday=225, tm_isdst=-1)",morrischarles@example.com,742-889-0131x354,19025,35672,1,74,96,84,44146235.0,1311968112.0,do_not,Home,327,Less than $5,3,934,1,3,0,https://placekitten.com/954/341,https://dummyimage.com/486x295,Africa/Lusaka,1,1,685793f1-a0da-42da-8421-448a655b9385,3cb9d117-2a24-40e7-b218-57c65577ec12,0,0,1,0,1,1,0,0,0,1,America/Indiana/Winamac,0,1,0,0,,b9f09e662437a9a340820b0d3509d977,acct_e8d3d236192370e0d504d55fe41fa3a1,0,0,,,,,BD,1,1,False,feb969e0-3e0a-4195-b472-661bb3c7e106,1,-9.594960,-143.716431,2023-01-16,1,16939167799,Samuelmouth,2009-10-21 19:19:29,2008-06-05 01:13:27,,80392,,,,1976-08-10 17:24:46,1973-01-13 04:39:26,2005-09-21 10:06:31
93,T100093,U100093,Mark Ferguson,male,"time.struct_time(tm_year=1952, tm_mon=1, tm_mday=10, tm_hour=0, tm_min=0, tm_sec=0, tm_wday=3, tm_yday=10, tm_isdst=-1)",samantha45@example.org,(666)579-2850x4171,1107,12833,1,63,69,73,1162276879.0,1705009256.0,do_not,Restaurant,93,$5-$9.99,4,872,0,3,1,https://placekitten.com/632/718,https://placekitten.com/489/997,Europe/Copenhagen,0,0,03bb4f8b-a480-4135-a497-ef5336df411c,720f23a1-6720-46af-a4c0-d2a46afe049b,1,0,0,0,1,1,0,1,0,1,Africa/Kampala,1,1,1,0,,9cdcd62b1605a6513731fac0914a3d0c,acct_0a36e694df1829c34924fce69882a0b7,1,0,,,,,AU,0,1,False,b6be0094-93bf-4fa6-b84d-e64e06381600,1,-28.7299525,11.519306,1971-08-04,0,15184123191,South Cole,1994-05-22 03:13:09,1975-05-30 19:23:17,,47273,,,,1998-08-10 14:58:43,2003-06-17 14:08:21,2015-11-24 01:15:00
94,T100094,U100094,James Shaffer,male,"time.struct_time(tm_year=1984, tm_mon=2, tm_mday=29, tm_hour=0, tm_min=0, tm_sec=0, tm_wday=2, tm_yday=60, tm_isdst=-1)",keithwilliams@example.net,001-702-666-5451x926,835,55018,0,68,150,78,1336990478.0,1268223747.0,do_not,Restaurant,182,$5-$9.99,3,774,0,3,0,https://picsum.photos/982/1011,https://placekitten.com/70/523,US/East-Indiana,0,0,33dae191-6709-43d2-9511-d39cfe2c1894,63296b70-53f0-4adc-8978-257f70cae516,1,1,0,0,1,1,0,0,0,1,Africa/Addis_Ababa,1,1,1,0,,46c600c4382c6e999bf0243f1b4e1cd6,acct_d2c6300b4356554a45b20cdf4e3db001,1,1,,,,,SB,0,1,True,1bb1f170-e67a-417e-80dd-28b02ecb3c1c,0,84.9561585,13.036939,2019-12-10,0,16095576316,Port Williamfurt,1974-08-22 21:42:52,2001-02-03 05:46:48,,81474,,,,2011-06-17 01:55:44,1983-09-20 11:50:05,1989-09-23 10:01:25
95,T100095,U100095,Jack Combs,male,"time.struct_time(tm_year=1914, tm_mon=3, tm_mday=27, tm_hour=0, tm_min=0, tm_sec=0, tm_wday=4, tm_yday=86, tm_isdst=-1)",pburns@example.com,794.596.7006x8782,24935,96179,0,68,74,107,1610188271.0,1701912614.0,do_not,Home,87,Less than $5,3,884,0,2,0,https://picsum.photos/301/1011,https://picsum.photos/475/737,America/Argentina/Salta,0,0,cccc5876-4c37-4863-a38e-bc95283f3968,9eaca127-92df-4e48-8252-b51cc8703cef,1,0,0,1,1,1,1,1,1,0,Asia/Makassar,1,1,1,1,,20123e4b932ffeac4286924480d8971d,acct_714b5ed1a1ec45e05be21e5d2f06a4d3,1,1,,,,,PK,1,0,False,53ea0294-bee7-41de-8b00-7d69a33870f8,1,-23.4936735,-33.401616,1973-10-09,0,15890569082,New Brittany,1973-03-17 01:47:27,1998-09-12 06:07:27,,90287,,,,1995-04-10 12:18:48,1989-01-28 07:36:52,2011-01-18 10:37:44
96,T100096,U100096,Kyle Lewis,male,"time.struct_time(tm_year=2008, tm_mon=10, tm_mday=1, tm_hour=0, tm_min=0, tm_sec=0, tm_wday=2, tm_yday=275, tm_isdst=-1)",leewhitaker@example.net,415.337.7184,11646,38648,0,59,97,117,875245745.0,848063196.0,1_3_days,Restaurant,183,Less than $5,3,852,1,3,0,https://placekitten.com/771/206,https://picsum.photos/669/544,Etc/GMT+5,0,0,f711e51d-0b3b-4862-b16a-f516130ec4fd,e446b6a8-eaf9-4158-be4f-bcef184e56bc,1,1,0,1,1,1,1,0,0,0,Africa/Bissau,0,1,1,0,,d73612fe7bf0455899d9b2b4b1e95a02,acct_020295dd54ef0d25d57142f4630131c9,1,0,,,,,ID,0,1,False,5ee946a8-7f9e-48ed-8f90-860ce5cbd931,0,-62.5408675,-177.116837,2016-06-01,1,15252634155,Garciabury,2010-05-02 11:00:19,2007-08-30 23:10:50,,26088,,,,1995-09-09 15:07:11,1976-02-24 04:55:30,2020-08-16 01:14:03
97,T100097,U100097,Jason Shaffer,male,"time.struct_time(tm_year=1991, tm_mon=10, tm_mday=25, tm_hour=0, tm_min=0, tm_sec=0, tm_wday=4, tm_yday=298, tm_isdst=-1)",lcollins@example.org,398-976-3217,13439,25004,0,61,123,105,493738130.0,424679987.0,1_3_days,Restaurant,270,$5-$9.99,2,44,0,2,0,https://picsum.photos/580/938,https://placekitten.com/84/526,GB,1,1,dedd6c81-bc28-4283-abe0-7e797602fd7c,af4cefbe-c7c1-40a3-99d6-9ea47d424c0b,1,1,0,0,1,1,0,1,0,1,Africa/Mbabane,0,0,0,1,,c9e6cf5a364add7838a289c3cd03d5ea,acct_df6f18f9e71c16964340d6e767720660,1,1,,,,,AF,1,0,True,eb5cdb38-e1b6-4e1a-a0fb-26171d1eefd1,0,-59.9303915,-21.505730,1983-05-23,1,16705885410,Blevinsstad,2005-04-01 17:05:50,2001-04-20 08:46:29,,78259,,,,1982-03-09 01:52:02,1990-06-09 17:01:23,2001-10-17 19:08:47
98,T100098,U100098,Victor Harvey,male,"time.struct_time(tm_year=1999, tm_mon=7, tm_mday=15, tm_hour=0, tm_min=0, tm_sec=0, tm_wday=3, tm_yday=196, tm_isdst=-1)",ilewis@example.net,805.435.2676x98461,23705,38898,0,64,85,74,347763683.0,1350332148.0,do_not,Home,105,$5-$9.99,1,1461,1,3,0,https://dummyimage.com/582x931,https://placekitten.com/136/240,Pacific/Chatham,0,1,7fc2e464-30b5-45fe-b967-ee4047ed6a2c,b01ed30d-779d-41ee-9001-2e5ff4b4b2b5,1,0,1,0,1,1,0,0,1,0,Mexico/BajaSur,1,0,0,0,,b1c0ff2d3730a9489243a1824a2ac0ea,acct_394b05f6fbf36f5ee6b6540bb33610f3,0,1,,,,,NP,1,1,True,6b42770f-bfc8-4e3b-a163-4dbb143c1969,1,-56.7418775,-127.336565,1988-10-01,1,15501693264,Sampsonburgh,1978-10-21 21:20:48,1987-09-24 11:55:11,,24813,,,,2009-08-23 17:03:59,1995-05-06 04:20:38,1975-12-07 09:25:35
99,T100099,U100099,Jonathan Rice,male,"time.struct_time(tm_year=1940, tm_mon=10, tm_mday=11, tm_hour=0, tm_min=0, tm_sec=0, tm_wday=4, tm_yday=285, tm_isdst=-1)",thomasgood@example.net,546-681-7087x62672,15757,95761,1,56,150,82,470546682.0,618449223.0,1_3_days,Home,363,$5-$9.99,2,510,0,1,0,https://placekitten.com/668/966,https://picsum.photos/894/694,Etc/GMT+11,0,0,b5d24a31-b2a6-49f3-8af3-7d79041050d1,26df8507-77e3-43ee-91f1-22dfc7b29a02,1,1,0,0,1,1,1,0,0,0,America/Pangnirtung,1,0,1,1,,673dca1a2a96d2d8adc6cf8d9ab28cd1,acct_3342729997a51d49709b031346cb0144,0,0,,,,,NO,0,0,True,651c3353-fda6-47b9-9809-bfea20552d76,1,-64.893398,46.619211,2002-12-15,0,16544580459,Victoriaton,1992-04-10 15:55:36,2013-05-29 02:52:47,,55517,,,,1989-08-21 01:56:14,1988-12-18 18:06:00,1974-01-14 06:33:57
