,Unnamed: 0_x,log_date,item_id,food_time,food_type,log_time,energy_x,protein_x,carbohydrate_x,lipid_fat_x,item_unit,item_quantity_x,created_by,Unnamed: 0_y,trainer_code,user_code,full_name,gender,birth_date,email_id,phone_number,user_point,password,terms_and_conditions,user_height,user_weight,target_weight,weight_changed_on,height_changed_on,frequently_exercise,food_mostly_eaten_at,cuisine_ids,spent_on_meal,diet_plan,default_diet_plan,medical_condition_ids,allergic_condition_ids,is_profile_completed,profile_image,social_profile_image,user_location,is_active,Unnamed: 0,fdc_id,item_name,ndb_number,upc_number,manufacture,food_category,source,energy_y,protein_y,cholesterol,carbohydrate_y,lipid_fat_y,description,item_quantity_y,is_detail_available,food_type_x,energy,protein,carbohydrate,lipid_fat,item_unit_x,item_quantity,recipe_id,recipe_name,recipeSummary,num_of_serving,serving_size,item_unit_y,recipe_weight,recipe_type_id,recipe_notes,prepare_time,total_carbohydrate,total_protein,total_energy,total_lipid_fat,recipe_image,food_type_y
0,15,2024-01-03,FI100049,1,food_item,10,205.0,24.25,15.29,13.79,gm,173.0,U100068,68,T100068,U100068,Christopher Simmons,male,"time.struct_time(tm_year=2011, tm_mon=9, tm_mday=29, tm_hour=0, tm_min=0, tm_sec=0, tm_wday=3, tm_yday=272, tm_isdst=-1)",traceysantiago@example.com,692.562.5972x9515,14312,17820,0,72,47,89,0,0,1_3_days,restaurant,449,Less than $5,3,1125,1,3,1,https://placekitten.com/73/579,https://dummyimage.com/215x904,Europe/Zurich,1,49,FI100049,Salad,450049.0,5051379025261.0,"G. T. Japan, Inc.",BBQ & Cheese Sauce,usda,177.0,2.5,25.0,25.31,14.03,Statement left staff surface scene of cause.,100.0,1.0,,,,,,,,,,,,,,,,,,,,,,,
1,2,2024-01-16,FI100039,1,food_item,6,195.0,4.2,46.5,35.44,1 medium,196.0,U100031,31,T100031,U100031,Crystal Ortiz,female,"time.struct_time(tm_year=1981, tm_mon=9, tm_mday=3, tm_hour=0, tm_min=0, tm_sec=0, tm_wday=3, tm_yday=246, tm_isdst=-1)",langjessica@example.com,594.355.0237x72007,10468,43873,0,73,137,72,1000031,1000031,do_not,restaurant,38,$5-$9.99,1,426,1,3,1,https://dummyimage.com/826x751,https://placekitten.com/348/650,America/Mendoza,1,39,FI100039,Chicken Curry,450039.0,5051379015725.0,Fresh & Easy,BBQ & Cheese Sauce,usda,212.0,2.5,25.0,41.01,36.05,Particular politics meet.,100.0,1.0,,,,,,,,,,,,,,,,,,,,,,,
2,97,2024-01-07,FI100055,1,food_item,2,121.0,15.81,19.07,30.52,1 slice,275.0,U100031,31,T100031,U100031,Crystal Ortiz,female,"time.struct_time(tm_year=1981, tm_mon=9, tm_mday=3, tm_hour=0, tm_min=0, tm_sec=0, tm_wday=3, tm_yday=246, tm_isdst=-1)",langjessica@example.com,594.355.0237x72007,10468,43873,0,73,137,72,1000031,1000031,do_not,restaurant,38,$5-$9.99,1,426,1,3,1,https://dummyimage.com/826x751,https://placekitten.com/348/650,America/Mendoza,1,55,FI100055,Caesar Salad,450055.0,5051379019681.0,Fresh & Easy,BBQ & Cheese Sauce,usda,211.0,2.5,0.0,5.22,36.29,Style space hotel impact.,100.0,1.0,,,,,,,,,,,,,,,,,,,,,,,
3,36,2024-01-07,FI100055,1,food_item,15,199.0,0.11,30.66,9.79,ml,155.0,U100067,67,T100067,U100067,Joseph Hines,male,"time.struct_time(tm_year=2021, tm_mon=4, tm_mday=6, tm_hour=0, tm_min=0, tm_sec=0, tm_wday=1, tm_yday=96, tm_isdst=-1)",haleyjessica@example.org,373.690.9085,21902,69466,1,73,109,65,1000067,1000067,do_not,restaurant,12,Less than $5,3,273,0,3,1,https://picsum.photos/351/360,https://picsum.photos/230/849,America/Dawson,1,55,FI100055,Caesar Salad,450055.0,5051379019681.0,Fresh & Easy,BBQ & Cheese Sauce,usda,211.0,2.5,0.0,5.22,36.29,Style space hotel impact.,100.0,1.0,,,,,,,,,,,,,,,,,,,,,,,
4,5,2024-01-06,FI100065,1,food_item,9,160.0,3.91,6.76,4.21,1 medium,71.0,U100069,69,T100069,U100069,William Jones,male,"time.struct_time(tm_year=2012, tm_mon=11, tm_mday=3, tm_hour=0, tm_min=0, tm_sec=0, tm_wday=5, tm_yday=308, tm_isdst=-1)",floresjessica@example.com,176.743.2080,5436,49596,1,71,84,81,1000069,1000069,1_3_days,restaurant,424,Less than $5,2,835,0,3,0,https://placekitten.com/814/504,https://picsum.photos/324/1,Asia/Chungking,1,65,FI100065,Sushi,450065.0,5051379029052.0,Fresh & Easy,Ice Cream & Frozen Yogurt,usda,139.0,2.5,25.0,42.85,11.64,View operation computer Congress tell Mrs him agent.,100.0,1.0,,,,,,,,,,,,,,,,,,,,,,,
5,52,2024-01-13,FI100065,1,food_item,14,274.0,42.48,12.38,13.47,1 slice,233.0,U100053,53,T100053,U100053,Sarah Molina,female,"time.struct_time(tm_year=1999, tm_mon=5, tm_mday=20, tm_hour=0, tm_min=0, tm_sec=0, tm_wday=3, tm_yday=140, tm_isdst=-1)",smithrandy@example.org,+1-934-072-7357x9304,17597,17598,0,68,96,76,0,0,1_3_days,home,403,Less than $5,2,11,0,1,1,https://dummyimage.com/582x937,https://picsum.photos/863/377,Etc/GMT+12,1,65,FI100065,Sushi,450065.0,5051379029052.0,Fresh & Easy,Ice Cream & Frozen Yogurt,usda,139.0,2.5,25.0,42.85,11.64,View operation computer Congress tell Mrs him agent.,100.0,1.0,,,,,,,,,,,,,,,,,,,,,,,
6,75,2024-01-20,FI100068,1,food_item,2,275.0,31.86,14.71,44.31,gm,184.0,U100069,69,T100069,U100069,William Jones,male,"time.struct_time(tm_year=2012, tm_mon=11, tm_mday=3, tm_hour=0, tm_min=0, tm_sec=0, tm_wday=5, tm_yday=308, tm_isdst=-1)",floresjessica@example.com,176.743.2080,5436,49596,1,71,84,81,1000069,1000069,1_3_days,restaurant,424,Less than $5,2,835,0,3,0,https://placekitten.com/814/504,https://picsum.photos/324/1,Asia/Chungking,1,68,FI100068,Pasta,450068.0,5051379023070.0,Fresh & Easy,BBQ & Cheese Sauce,usda,136.0,0.0,25.0,36.29,37.64,There employee film lay during trade.,100.0,1.0,,,,,,,,,,,,,,,,,,,,,,,
7,66,2024-01-02,FI100075,1,food_item,11,267.0,34.99,48.42,11.6,1 slice,159.0,U100011,11,T100011,U100011,Denise Donaldson,female,"time.struct_time(tm_year=1965, tm_mon=6, tm_mday=19, tm_hour=0, tm_min=0, tm_sec=0, tm_wday=5, tm_yday=170, tm_isdst=-1)",woodvalerie@example.com,703-767-2307,16543,24989,0,69,116,101,0,0,do_not,home,330,$5-$9.99,3,1524,1,3,0,https://dummyimage.com/1024x535,https://dummyimage.com/568x48,Antarctica/Mawson,1,75,FI100075,Fruit Smoothie,450075.0,5051379023694.0,Fresh & Easy,BBQ & Cheese Sauce,usda,199.0,2.5,25.0,43.32,20.92,Professional level scene place enjoy relate before.,100.0,1.0,,,,,,,,,,,,,,,,,,,,,,,
8,67,2024-01-05,FI100047,1,food_item,15,288.0,30.61,37.82,47.99,1 slice,131.0,U100011,11,T100011,U100011,Denise Donaldson,female,"time.struct_time(tm_year=1965, tm_mon=6, tm_mday=19, tm_hour=0, tm_min=0, tm_sec=0, tm_wday=5, tm_yday=170, tm_isdst=-1)",woodvalerie@example.com,703-767-2307,16543,24989,0,69,116,101,0,0,do_not,home,330,$5-$9.99,3,1524,1,3,0,https://dummyimage.com/1024x535,https://dummyimage.com/568x48,Antarctica/Mawson,1,47,FI100047,Sushi,450047.0,5051379019227.0,Fresh & Easy,BBQ & Cheese Sauce,usda,170.0,2.5,25.0,23.92,21.23,Show ask determine around say bar anyone.,100.0,1.0,,,,,,,,,,,,,,,,,,,,,,,
9,18,2024-01-17,FI100047,1,food_item,11,273.0,31.05,12.86,46.85,1 slice,9.0,U100047,47,T100047,U100047,Michelle Collins,female,"time.struct_time(tm_year=1915, tm_mon=10, tm_mday=16, tm_hour=0, tm_min=0, tm_sec=0, tm_wday=5, tm_yday=289, tm_isdst=-1)",lisa87@example.org,2437123926,16830,19675,0,67,79,64,1000047,0,1_3_days,home,390,$5-$9.99,1,338,0,2,0,https://dummyimage.com/407x517,https://placekitten.com/443/860,Atlantic/Cape_Verde,1,47,FI100047,Sushi,450047.0,5051379019227.0,Fresh & Easy,BBQ & Cheese Sauce,usda,170.0,2.5,25.0,23.92,21.23,Show ask determine around say bar anyone.,100.0,1.0,,,,,,,,,,,,,,,,,,,,,,,
10,23,2024-01-13,FI100047,1,food_item,5,133.0,32.98,3.96,15.24,1 slice,178.0,U100088,88,T100088,U100088,Thomas Lee,male,"time.struct_time(tm_year=2004, tm_mon=8, tm_mday=28, tm_hour=0, tm_min=0, tm_sec=0, tm_wday=5, tm_yday=241, tm_isdst=-1)",anthony14@example.org,790-224-0575x958,7532,89198,1,66,103,92,0,0,do_not,restaurant,43,Less than $5,2,436,0,1,1,https://placekitten.com/254/788,https://picsum.photos/37/641,Asia/Ust-Nera,1,47,FI100047,Sushi,450047.0,5051379019227.0,Fresh & Easy,BBQ & Cheese Sauce,usda,170.0,2.5,25.0,23.92,21.23,Show ask determine around say bar anyone.,100.0,1.0,,,,,,,,,,,,,,,,,,,,,,,
11,8,2024-01-06,FI100046,1,food_item,11,184.0,37.27,38.8,42.83,ml,99.0,U100027,27,T100027,U100027,Sara Oneill,female,"time.struct_time(tm_year=1942, tm_mon=10, tm_mday=13, tm_hour=0, tm_min=0, tm_sec=0, tm_wday=1, tm_yday=286, tm_isdst=-1)",vazquezamy@example.org,(773)257-2571x82758,5884,80527,1,69,116,81,1000027,1000027,do_not,restaurant,414,$5-$9.99,1,1447,0,1,1,https://placekitten.com/526/381,https://dummyimage.com/754x558,Australia/Sydney,1,46,FI100046,Pasta,450046.0,5051379015254.0,Fresh & Easy,Ice Cream & Frozen Yogurt,usda,100.0,0.0,0.0,16.75,39.11,Who crime common provide big raise north finally.,100.0,1.0,,,,,,,,,,,,,,,,,,,,,,,
12,13,2024-01-18,FI100035,1,food_item,8,141.0,32.35,46.94,0.14,1 medium,171.0,U100027,27,T100027,U100027,Sara Oneill,female,"time.struct_time(tm_year=1942, tm_mon=10, tm_mday=13, tm_hour=0, tm_min=0, tm_sec=0, tm_wday=1, tm_yday=286, tm_isdst=-1)",vazquezamy@example.org,(773)257-2571x82758,5884,80527,1,69,116,81,1000027,1000027,do_not,restaurant,414,$5-$9.99,1,1447,0,1,1,https://placekitten.com/526/381,https://dummyimage.com/754x558,Australia/Sydney,1,35,FI100035,Shrimp Scampi,450035.0,5051379022481.0,Fresh & Easy,BBQ & Cheese Sauce,usda,107.0,2.5,25.0,10.04,23.25,Far line the organization live together brother lawyer.,100.0,1.0,,,,,,,,,,,,,,,,,,,,,,,
13,62,2024-01-07,FI100035,1,food_item,13,234.0,13.16,31.64,7.74,1 medium,146.0,U100003,3,T100003,U100003,Deanna Ewing,female,"time.struct_time(tm_year=1942, tm_mon=6, tm_mday=10, tm_hour=0, tm_min=0, tm_sec=0, tm_wday=2, tm_yday=161, tm_isdst=-1)",ryanmyers@example.org,768.942.4767,20547,47387,0,66,129,58,0,1000003,1_3_days,home,148,$5-$9.99,2,881,0,3,0,https://placekitten.com/657/740,https://picsum.photos/779/431,Asia/Brunei,1,35,FI100035,Shrimp Scampi,450035.0,5051379022481.0,Fresh & Easy,BBQ & Cheese Sauce,usda,107.0,2.5,25.0,10.04,23.25,Far line the organization live together brother lawyer.,100.0,1.0,,,,,,,,,,,,,,,,,,,,,,,
14,43,2024-01-03,FI100018,1,food_item,5,169.0,23.94,39.63,46.81,ml,168.0,U100027,27,T100027,U100027,Sara Oneill,female,"time.struct_time(tm_year=1942, tm_mon=10, tm_mday=13, tm_hour=0, tm_min=0, tm_sec=0, tm_wday=1, tm_yday=286, tm_isdst=-1)",vazquezamy@example.org,(773)257-2571x82758,5884,80527,1,69,116,81,1000027,1000027,do_not,restaurant,414,$5-$9.99,1,1447,0,1,1,https://placekitten.com/526/381,https://dummyimage.com/754x558,Australia/Sydney,1,18,FI100018,Chicken Curry,450018.0,5051379034725.0,"G. T. Japan, Inc.",Ice Cream & Frozen Yogurt,usda,165.0,0.0,25.0,29.71,16.27,Value kitchen bill degree.,100.0,1.0,,,,,,,,,,,,,,,,,,,,,,,
15,73,2024-01-08,FI100081,1,food_item,7,202.0,42.31,36.25,43.25,1 medium,45.0,U100027,27,T100027,U100027,Sara Oneill,female,"time.struct_time(tm_year=1942, tm_mon=10, tm_mday=13, tm_hour=0, tm_min=0, tm_sec=0, tm_wday=1, tm_yday=286, tm_isdst=-1)",vazquezamy@example.org,(773)257-2571x82758,5884,80527,1,69,116,81,1000027,1000027,do_not,restaurant,414,$5-$9.99,1,1447,0,1,1,https://placekitten.com/526/381,https://dummyimage.com/754x558,Australia/Sydney,1,81,FI100081,Grilled Salmon,450081.0,5051379020263.0,"G. T. Japan, Inc.",Ice Cream & Frozen Yogurt,usda,202.0,0.0,25.0,34.54,3.18,Pattern again thought his tax.,100.0,1.0,,,,,,,,,,,,,,,,,,,,,,,
16,12,2024-01-04,FI100021,1,food_item,12,215.0,12.51,30.93,39.85,1 slice,19.0,U100071,71,T100071,U100071,Terry Edwards,male,"time.struct_time(tm_year=1922, tm_mon=9, tm_mday=26, tm_hour=0, tm_min=0, tm_sec=0, tm_wday=1, tm_yday=269, tm_isdst=-1)",juliaferguson@example.com,(928)066-1392x769,7220,41049,0,63,68,92,1000071,1000071,do_not,restaurant,196,$5-$9.99,2,242,1,3,1,https://placekitten.com/49/949,https://picsum.photos/698/562,Asia/Damascus,1,21,FI100021,Sushi,450021.0,5051379031341.0,Fresh & Easy,BBQ & Cheese Sauce,usda,219.0,2.5,0.0,25.02,33.16,Structure wrong itself form floor behind.,100.0,1.0,,,,,,,,,,,,,,,,,,,,,,,
17,90,2024-01-13,FI100021,1,food_item,2,177.0,6.89,16.95,9.34,1 medium,262.0,U100070,70,T100070,U100070,Eric Costa,male,"time.struct_time(tm_year=2006, tm_mon=6, tm_mday=21, tm_hour=0, tm_min=0, tm_sec=0, tm_wday=2, tm_yday=172, tm_isdst=-1)",ochoajames@example.com,001-608-163-0520,14341,46239,1,61,40,105,1000070,1000070,do_not,home,365,Less than $5,1,898,0,3,0,https://placekitten.com/55/624,https://dummyimage.com/524x730,Europe/Kiev,1,21,FI100021,Sushi,450021.0,5051379031341.0,Fresh & Easy,BBQ & Cheese Sauce,usda,219.0,2.5,0.0,25.02,33.16,Structure wrong itself form floor behind.,100.0,1.0,,,,,,,,,,,,,,,,,,,,,,,
18,14,2024-01-20,FI100067,1,food_item,11,292.0,46.84,24.46,22.6,1 medium,95.0,U100070,70,T100070,U100070,Eric Costa,male,"time.struct_time(tm_year=2006, tm_mon=6, tm_mday=21, tm_hour=0, tm_min=0, tm_sec=0, tm_wday=2, tm_yday=172, tm_isdst=-1)",ochoajames@example.com,001-608-163-0520,14341,46239,1,61,40,105,1000070,1000070,do_not,home,365,Less than $5,1,898,0,3,0,https://placekitten.com/55/624,https://dummyimage.com/524x730,Europe/Kiev,1,67,FI100067,Tomato Soup,450067.0,5051379018382.0,Fresh & Easy,BBQ & Cheese Sauce,usda,139.0,0.0,25.0,49.2,23.9,Everything relate goal join describe artist expect.,100.0,1.0,,,,,,,,,,,,,,,,,,,,,,,
19,45,2024-01-05,FI100066,1,food_item,14,92.0,2.68,4.99,46.86,1 slice,204.0,U100010,10,T100010,U100010,Elizabeth Lopez,female,"time.struct_time(tm_year=2013, tm_mon=11, tm_mday=17, tm_hour=0, tm_min=0, tm_sec=0, tm_wday=6, tm_yday=321, tm_isdst=-1)",jamesnguyen@example.net,001-099-406-9684x5107,11790,28058,0,65,120,109,1000010,1000010,1_3_days,restaurant,423,Less than $5,3,242,1,3,1,https://placekitten.com/673/1014,https://picsum.photos/350/806,Asia/Hong_Kong,1,66,FI100066,Chocolate Cake,450066.0,5051379009790.0,Fresh & Easy,Ice Cream & Frozen Yogurt,usda,183.0,2.5,0.0,42.4,28.01,Involve maybe conference deep pick cultural.,100.0,1.0,,,,,,,,,,,,,,,,,,,,,,,
20,54,2024-01-11,FI100038,1,food_item,12,101.0,36.73,49.73,49.48,gm,243.0,U100010,10,T100010,U100010,Elizabeth Lopez,female,"time.struct_time(tm_year=2013, tm_mon=11, tm_mday=17, tm_hour=0, tm_min=0, tm_sec=0, tm_wday=6, tm_yday=321, tm_isdst=-1)",jamesnguyen@example.net,001-099-406-9684x5107,11790,28058,0,65,120,109,1000010,1000010,1_3_days,restaurant,423,Less than $5,3,242,1,3,1,https://placekitten.com/673/1014,https://picsum.photos/350/806,Asia/Hong_Kong,1,38,FI100038,Shrimp Scampi,450038.0,5051379029642.0,"G. T. Japan, Inc.",BBQ & Cheese Sauce,usda,214.0,0.0,25.0,23.43,18.51,Suddenly nearly early life.,100.0,1.0,,,,,,,,,,,,,,,,,,,,,,,
21,55,2024-01-07,FI100051,1,food_item,1,216.0,37.14,5.4,37.14,ml,206.0,U100010,10,T100010,U100010,Elizabeth Lopez,female,"time.struct_time(tm_year=2013, tm_mon=11, tm_mday=17, tm_hour=0, tm_min=0, tm_sec=0, tm_wday=6, tm_yday=321, tm_isdst=-1)",jamesnguyen@example.net,001-099-406-9684x5107,11790,28058,0,65,120,109,1000010,1000010,1_3_days,restaurant,423,Less than $5,3,242,1,3,1,https://placekitten.com/673/1014,https://picsum.photos/350/806,Asia/Hong_Kong,1,51,FI100051,Grilled Salmon,450051.0,5051379030400.0,Fresh & Easy,Ice Cream & Frozen Yogurt,usda,187.0,0.0,0.0,15.45,23.63,Factor admit pass happen yeah.,100.0,1.0,,,,,,,,,,,,,,,,,,,,,,,
22,20,2024-01-15,FI100034,1,food_item,2,127.0,47.99,0.5,36.02,1 slice,134.0,U100013,13,T100013,U100013,Ashley Alexander,female,"time.struct_time(tm_year=1974, tm_mon=3, tm_mday=29, tm_hour=0, tm_min=0, tm_sec=0, tm_wday=4, tm_yday=88, tm_isdst=-1)",icastillo@example.org,+1-946-490-2937x77870,1685,63494,1,68,64,82,1000013,0,do_not,restaurant,72,$5-$9.99,2,1461,1,1,0,https://dummyimage.com/73x672,https://picsum.photos/286/348,America/Managua,1,34,FI100034,Sushi,450034.0,5051379033714.0,Fresh & Easy,Ice Cream & Frozen Yogurt,usda,209.0,0.0,25.0,0.91,24.0,Enough someone consumer human tell.,100.0,1.0,,,,,,,,,,,,,,,,,,,,,,,
23,27,2024-01-19,FI100064,1,food_item,2,169.0,44.5,11.79,12.68,1 medium,279.0,U100024,24,T100024,U100024,Bianca Copeland,female,"time.struct_time(tm_year=1942, tm_mon=9, tm_mday=16, tm_hour=0, tm_min=0, tm_sec=0, tm_wday=2, tm_yday=259, tm_isdst=-1)",ewhitney@example.com,271-598-8488x454,19441,62230,0,68,51,53,0,1000024,1_3_days,restaurant,111,$5-$9.99,2,800,0,1,0,https://picsum.photos/843/438,https://placekitten.com/199/869,Asia/Beirut,1,64,FI100064,Beef Tacos,450064.0,5051379018476.0,Fresh & Easy,BBQ & Cheese Sauce,usda,157.0,0.0,25.0,35.85,47.5,Far able would represent.,100.0,1.0,,,,,,,,,,,,,,,,,,,,,,,
24,30,2024-01-15,FI100064,1,food_item,10,192.0,22.62,24.62,14.55,gm,195.0,U100081,81,T100081,U100081,Dean Ashley,male,"time.struct_time(tm_year=1937, tm_mon=2, tm_mday=25, tm_hour=0, tm_min=0, tm_sec=0, tm_wday=3, tm_yday=56, tm_isdst=-1)",megan70@example.org,384-114-0263x9824,1281,77330,1,65,130,109,1000081,0,1_3_days,restaurant,223,$5-$9.99,2,1159,0,2,0,https://placekitten.com/262/476,https://placekitten.com/706/365,Europe/Warsaw,1,64,FI100064,Beef Tacos,450064.0,5051379018476.0,Fresh & Easy,BBQ & Cheese Sauce,usda,157.0,0.0,25.0,35.85,47.5,Far able would represent.,100.0,1.0,,,,,,,,,,,,,,,,,,,,,,,
25,29,2024-01-04,FI100016,1,food_item,11,184.0,18.31,37.01,24.86,gm,154.0,U100022,22,T100022,U100022,Ashley Smith,female,"time.struct_time(tm_year=1947, tm_mon=5, tm_mday=31, tm_hour=0, tm_min=0, tm_sec=0, tm_wday=5, tm_yday=151, tm_isdst=-1)",vanessaclark@example.com,001-955-270-2036x0402,22888,65481,1,64,69,61,1000022,1000022,do_not,home,132,$5-$9.99,3,70,1,3,0,https://picsum.photos/44/594,https://dummyimage.com/35x103,America/Bahia,1,16,FI100016,Chocolate Cake,450016.0,5051379025881.0,"G. T. Japan, Inc.",BBQ & Cheese Sauce,usda,194.0,0.0,25.0,23.82,1.65,Reveal positive night site.,100.0,1.0,,,,,,,,,,,,,,,,,,,,,,,
26,89,2024-01-16,FI100020,1,food_item,9,167.0,42.07,21.01,27.55,gm,177.0,U100081,81,T100081,U100081,Dean Ashley,male,"time.struct_time(tm_year=1937, tm_mon=2, tm_mday=25, tm_hour=0, tm_min=0, tm_sec=0, tm_wday=3, tm_yday=56, tm_isdst=-1)",megan70@example.org,384-114-0263x9824,1281,77330,1,65,130,109,1000081,0,1_3_days,restaurant,223,$5-$9.99,2,1159,0,2,0,https://placekitten.com/262/476,https://placekitten.com/706/365,Europe/Warsaw,1,20,FI100020,Shrimp Scampi,450020.0,5051379013016.0,Fresh & Easy,BBQ & Cheese Sauce,usda,131.0,0.0,25.0,43.49,10.77,Low exist if economy kind.,100.0,1.0,,,,,,,,,,,,,,,,,,,,,,,
27,31,2024-01-14,FI100033,1,food_item,6,176.0,48.03,40.56,28.37,1 medium,261.0,U100020,20,T100020,U100020,Claire Lindsey,female,"time.struct_time(tm_year=2009, tm_mon=12, tm_mday=30, tm_hour=0, tm_min=0, tm_sec=0, tm_wday=2, tm_yday=364, tm_isdst=-1)",nathanielhenderson@example.com,(441)886-2425x296,2602,70075,0,71,97,53,0,1000020,1_3_days,home,14,Less than $5,3,1756,0,3,0,https://dummyimage.com/169x523,https://placekitten.com/821/633,America/Catamarca,1,33,FI100033,Caesar Salad,450033.0,5051379031325.0,Fresh & Easy,BBQ & Cheese Sauce,usda,112.0,0.0,25.0,17.26,0.42,Avoid rather way yeah analysis.,100.0,1.0,,,,,,,,,,,,,,,,,,,,,,,
28,50,2024-01-07,FI100033,1,food_item,2,228.0,26.35,6.01,20.32,ml,160.0,U100054,54,T100054,U100054,Shelly Graham,female,"time.struct_time(tm_year=1983, tm_mon=12, tm_mday=4, tm_hour=0, tm_min=0, tm_sec=0, tm_wday=6, tm_yday=338, tm_isdst=-1)",shawjennifer@example.com,001-023-783-0084x0588,15765,62109,1,60,137,107,0,1000054,1_3_days,home,420,$5-$9.99,2,877,1,1,1,https://picsum.photos/23/728,https://placekitten.com/360/557,America/St_Vincent,1,33,FI100033,Caesar Salad,450033.0,5051379031325.0,Fresh & Easy,BBQ & Cheese Sauce,usda,112.0,0.0,25.0,17.26,0.42,Avoid rather way yeah analysis.,100.0,1.0,,,,,,,,,,,,,,,,,,,,,,,
29,33,2024-01-08,FI100077,1,food_item,9,207.0,38.63,32.8,36.38,gm,81.0,U100063,63,T100063,U100063,Michael Arnold,male,"time.struct_time(tm_year=1942, tm_mon=3, tm_mday=13, tm_hour=0, tm_min=0, tm_sec=0, tm_wday=4, tm_yday=72, tm_isdst=-1)",carlamckenzie@example.com,533-931-0485,3242,63210,1,67,115,90,0,1000063,do_not,home,313,Less than $5,4,1233,1,1,1,https://placekitten.com/598/41,https://placekitten.com/617/620,Europe/Oslo,1,77,FI100077,Mango Sorbet,450077.0,5051379030514.0,"G. T. Japan, Inc.",Ice Cream & Frozen Yogurt,usda,100.0,2.5,0.0,29.66,5.02,Once simple campaign young record.,100.0,1.0,,,,,,,,,,,,,,,,,,,,,,,
30,64,2024-01-11,FI100043,1,food_item,4,150.0,17.58,26.3,11.81,1 medium,281.0,U100063,63,T100063,U100063,Michael Arnold,male,"time.struct_time(tm_year=1942, tm_mon=3, tm_mday=13, tm_hour=0, tm_min=0, tm_sec=0, tm_wday=4, tm_yday=72, tm_isdst=-1)",carlamckenzie@example.com,533-931-0485,3242,63210,1,67,115,90,0,1000063,do_not,home,313,Less than $5,4,1233,1,1,1,https://placekitten.com/598/41,https://placekitten.com/617/620,Europe/Oslo,1,43,FI100043,Cheese Sandwich,450043.0,5051379028553.0,Fresh & Easy,BBQ & Cheese Sauce,usda,182.0,0.0,25.0,46.72,23.24,Style teacher score television everyone there throw.,100.0,1.0,,,,,,,,,,,,,,,,,,,,,,,
31,44,2024-01-11,FI100054,1,food_item,12,180.0,7.26,46.52,45.32,gm,110.0,U100074,74,T100074,U100074,Preston Miller,male,"time.struct_time(tm_year=1921, tm_mon=9, tm_mday=5, tm_hour=0, tm_min=0, tm_sec=0, tm_wday=0, tm_yday=248, tm_isdst=-1)",karen26@example.org,(357)531-2794x12704,9610,30801,1,69,104,67,0,0,1_3_days,restaurant,401,$5-$9.99,4,405,1,3,0,https://placekitten.com/677/942,https://picsum.photos/123/30,Pacific/Marquesas,1,54,FI100054,Ice Cream,450054.0,5051379025524.0,"G. T. Japan, Inc.",BBQ & Cheese Sauce,usda,184.0,2.5,25.0,46.73,8.07,Baby yourself whatever stage summer.,100.0,1.0,,,,,,,,,,,,,,,,,,,,,,,
32,49,2024-01-07,FI100054,1,food_item,5,92.0,1.18,32.48,40.48,gm,236.0,U100064,64,T100064,U100064,Richard Pratt,male,"time.struct_time(tm_year=2012, tm_mon=4, tm_mday=26, tm_hour=0, tm_min=0, tm_sec=0, tm_wday=3, tm_yday=117, tm_isdst=-1)",adamsrichard@example.org,607-438-9530,14063,84593,0,66,69,55,1000064,1000064,1_3_days,home,429,$5-$9.99,4,250,1,1,0,https://placekitten.com/483/526,https://dummyimage.com/357x12,Pacific/Palau,1,54,FI100054,Ice Cream,450054.0,5051379025524.0,"G. T. Japan, Inc.",BBQ & Cheese Sauce,usda,184.0,2.5,25.0,46.73,8.07,Baby yourself whatever stage summer.,100.0,1.0,,,,,,,,,,,,,,,,,,,,,,,
33,79,2024-01-11,FI100054,1,food_item,13,128.0,6.11,2.03,47.62,ml,162.0,U100073,73,T100073,U100073,Jerome Johnston,male,"time.struct_time(tm_year=1969, tm_mon=1, tm_mday=20, tm_hour=0, tm_min=0, tm_sec=0, tm_wday=0, tm_yday=20, tm_isdst=-1)",iparker@example.com,+1-758-139-6480,23055,48040,0,66,139,110,0,0,1_3_days,home,85,$5-$9.99,1,645,1,1,0,https://picsum.photos/797/395,https://placekitten.com/342/129,Europe/Samara,1,54,FI100054,Ice Cream,450054.0,5051379025524.0,"G. T. Japan, Inc.",BBQ & Cheese Sauce,usda,184.0,2.5,25.0,46.73,8.07,Baby yourself whatever stage summer.,100.0,1.0,,,,,,,,,,,,,,,,,,,,,,,
34,38,2024-01-06,FI100078,1,food_item,2,230.0,47.59,34.94,30.63,1 slice,170.0,U100044,44,T100044,U100044,Kimberly Wall,female,"time.struct_time(tm_year=1925, tm_mon=4, tm_mday=30, tm_hour=0, tm_min=0, tm_sec=0, tm_wday=3, tm_yday=120, tm_isdst=-1)",randalldillon@example.com,967.804.6617x439,12277,73520,0,61,133,57,0,0,do_not,home,166,$5-$9.99,1,934,1,2,0,https://dummyimage.com/335x9,https://placekitten.com/755/314,America/Tijuana,1,78,FI100078,Mango Sorbet,450078.0,5051379015161.0,"G. T. Japan, Inc.",BBQ & Cheese Sauce,usda,126.0,2.5,25.0,48.03,8.95,Mother later throw.,100.0,1.0,,,,,,,,,,,,,,,,,,,,,,,
35,56,2024-01-17,FI100078,1,food_item,9,156.0,46.02,48.54,26.77,gm,118.0,U100058,58,T100058,U100058,Maria Dawson,female,"time.struct_time(tm_year=1988, tm_mon=7, tm_mday=28, tm_hour=0, tm_min=0, tm_sec=0, tm_wday=3, tm_yday=210, tm_isdst=-1)",owhite@example.org,765-130-7931,13646,93225,1,63,86,107,0,0,do_not,home,55,Less than $5,3,115,0,1,0,https://dummyimage.com/828x677,https://dummyimage.com/930x399,America/Curacao,1,78,FI100078,Mango Sorbet,450078.0,5051379015161.0,"G. T. Japan, Inc.",BBQ & Cheese Sauce,usda,126.0,2.5,25.0,48.03,8.95,Mother later throw.,100.0,1.0,,,,,,,,,,,,,,,,,,,,,,,
36,40,2024-01-20,FI100036,1,food_item,3,240.0,43.61,8.95,20.77,1 medium,145.0,U100009,9,T100009,U100009,Vickie Wood,female,"time.struct_time(tm_year=2016, tm_mon=3, tm_mday=21, tm_hour=0, tm_min=0, tm_sec=0, tm_wday=0, tm_yday=81, tm_isdst=-1)",vbrown@example.net,9544602166,5214,10500,1,71,92,64,0,1000009,1_3_days,home,310,Less than $5,3,1258,0,1,1,https://placekitten.com/730/302,https://placekitten.com/849/548,Etc/GMT-4,1,36,FI100036,Salad,450036.0,5051379013092.0,"G. T. Japan, Inc.",BBQ & Cheese Sauce,usda,190.0,2.5,25.0,42.04,37.72,Remember coach alone than same discussion interest.,100.0,1.0,,,,,,,,,,,,,,,,,,,,,,,
37,42,2024-01-02,FI100072,1,food_item,9,179.0,28.32,26.25,0.22,1 medium,270.0,U100017,17,T100017,U100017,Susan Crane,female,"time.struct_time(tm_year=1972, tm_mon=7, tm_mday=29, tm_hour=0, tm_min=0, tm_sec=0, tm_wday=5, tm_yday=211, tm_isdst=-1)",andrewjones@example.net,224.533.6626,2601,37699,1,73,77,67,0,0,1_3_days,restaurant,476,Less than $5,2,690,1,1,0,https://dummyimage.com/711x119,https://picsum.photos/399/597,Africa/Sao_Tome,1,72,FI100072,Tomato Soup,450072.0,5051379033491.0,Fresh & Easy,BBQ & Cheese Sauce,usda,194.0,2.5,0.0,34.86,44.97,Pretty fact discuss executive experience enter.,100.0,1.0,,,,,,,,,,,,,,,,,,,,,,,
38,84,2024-01-05,FI100037,1,food_item,11,298.0,33.29,22.04,35.6,ml,96.0,U100017,17,T100017,U100017,Susan Crane,female,"time.struct_time(tm_year=1972, tm_mon=7, tm_mday=29, tm_hour=0, tm_min=0, tm_sec=0, tm_wday=5, tm_yday=211, tm_isdst=-1)",andrewjones@example.net,224.533.6626,2601,37699,1,73,77,67,0,0,1_3_days,restaurant,476,Less than $5,2,690,1,1,0,https://dummyimage.com/711x119,https://picsum.photos/399/597,Africa/Sao_Tome,1,37,FI100037,Vegetable Stir-Fry,450037.0,5051379018323.0,Fresh & Easy,Ice Cream & Frozen Yogurt,usda,181.0,0.0,0.0,30.75,15.17,House total trip spend scene.,100.0,1.0,,,,,,,,,,,,,,,,,,,,,,,
39,48,2024-01-10,FI100079,1,food_item,11,263.0,30.91,49.04,1.64,ml,261.0,U100008,8,T100008,U100008,Melissa Thornton,female,"time.struct_time(tm_year=1996, tm_mon=1, tm_mday=12, tm_hour=0, tm_min=0, tm_sec=0, tm_wday=4, tm_yday=12, tm_isdst=-1)",dannygreen@example.org,952.585.6179x4253,20676,40418,1,65,51,51,0,0,1_3_days,restaurant,481,$5-$9.99,1,414,0,2,1,https://dummyimage.com/544x540,https://dummyimage.com/783x862,US/East-Indiana,1,79,FI100079,Cheese Sandwich,450079.0,5051379016291.0,"G. T. Japan, Inc.",Ice Cream & Frozen Yogurt,usda,170.0,0.0,0.0,49.02,23.08,Military short away leave report collection.,100.0,1.0,,,,,,,,,,,,,,,,,,,,,,,
40,59,2024-01-17,FI100056,1,food_item,8,98.0,42.53,33.81,32.11,1 medium,227.0,U100007,7,T100007,U100007,Courtney Mclean,female,"time.struct_time(tm_year=1997, tm_mon=7, tm_mday=16, tm_hour=0, tm_min=0, tm_sec=0, tm_wday=2, tm_yday=197, tm_isdst=-1)",clarkenicholas@example.com,795.123.4574,19301,51430,0,73,73,102,0,1000007,1_3_days,restaurant,117,$5-$9.99,3,344,1,3,0,https://placekitten.com/999/398,https://dummyimage.com/71x31,Africa/Blantyre,1,56,FI100056,Tomato Soup,450056.0,5051379027282.0,Fresh & Easy,BBQ & Cheese Sauce,usda,143.0,2.5,0.0,40.44,39.33,Prove low real whether program during.,100.0,1.0,,,,,,,,,,,,,,,,,,,,,,,
41,61,2024-01-05,FI100062,1,food_item,14,131.0,31.37,40.78,36.34,ml,41.0,U100018,18,T100018,U100018,Vickie Grant,female,"time.struct_time(tm_year=1939, tm_mon=5, tm_mday=11, tm_hour=0, tm_min=0, tm_sec=0, tm_wday=3, tm_yday=131, tm_isdst=-1)",kstanton@example.net,620-254-8937x387,5955,84911,1,61,98,111,1000018,1000018,do_not,restaurant,29,Less than $5,4,658,0,3,1,https://dummyimage.com/723x991,https://dummyimage.com/675x866,Europe/Tiraspol,1,62,FI100062,Lasagna,450062.0,5051379033243.0,Fresh & Easy,BBQ & Cheese Sauce,usda,157.0,0.0,25.0,18.65,22.8,Continue who remember peace above.,100.0,1.0,,,,,,,,,,,,,,,,,,,,,,,
42,76,2024-01-14,FI100029,1,food_item,5,219.0,11.93,6.89,17.64,gm,9.0,U100057,57,T100057,U100057,Melody Woods,female,"time.struct_time(tm_year=1937, tm_mon=5, tm_mday=18, tm_hour=0, tm_min=0, tm_sec=0, tm_wday=1, tm_yday=138, tm_isdst=-1)",sharpshane@example.net,064-345-2247,3771,41430,0,68,144,68,0,1000057,do_not,restaurant,117,Less than $5,1,1272,0,2,0,https://dummyimage.com/785x850,https://dummyimage.com/13x461,America/Porto_Velho,1,29,FI100029,Grilled Salmon,450029.0,5051379011609.0,Fresh & Easy,Ice Cream & Frozen Yogurt,usda,197.0,0.0,0.0,44.92,29.64,Reach such per require section.,100.0,1.0,,,,,,,,,,,,,,,,,,,,,,,
43,93,2024-01-10,FI100029,1,food_item,10,255.0,9.81,17.7,10.21,1 medium,48.0,U100004,4,T100004,U100004,Angela Flynn,female,"time.struct_time(tm_year=1969, tm_mon=5, tm_mday=8, tm_hour=0, tm_min=0, tm_sec=0, tm_wday=3, tm_yday=128, tm_isdst=-1)",coxeduardo@example.net,+1-035-830-6048,10246,58097,1,71,115,81,0,1000004,do_not,home,113,Less than $5,2,1605,1,1,0,https://dummyimage.com/964x1018,https://picsum.photos/576/133,America/Chicago,1,29,FI100029,Grilled Salmon,450029.0,5051379011609.0,Fresh & Easy,Ice Cream & Frozen Yogurt,usda,197.0,0.0,0.0,44.92,29.64,Reach such per require section.,100.0,1.0,,,,,,,,,,,,,,,,,,,,,,,
44,70,2024-01-16,FI100058,1,food_item,7,152.0,32.44,0.22,18.0,1 slice,177.0,U100005,5,T100005,U100005,Patricia Simon,female,"time.struct_time(tm_year=1930, tm_mon=11, tm_mday=9, tm_hour=0, tm_min=0, tm_sec=0, tm_wday=6, tm_yday=313, tm_isdst=-1)",debra43@example.org,(791)374-2695,16336,26487,1,63,149,105,1000005,1000005,1_3_days,restaurant,352,$5-$9.99,1,269,1,2,0,https://placekitten.com/799/724,https://placekitten.com/35/102,Asia/Oral,1,58,FI100058,Chocolate Cake,450058.0,5051379016846.0,Fresh & Easy,BBQ & Cheese Sauce,usda,158.0,0.0,0.0,13.39,24.06,Also more despite through southern third perhaps.,100.0,1.0,,,,,,,,,,,,,,,,,,,,,,,
45,78,2024-01-03,FI100058,1,food_item,10,211.0,47.88,45.0,27.55,1 slice,251.0,U100042,42,T100042,U100042,Erin Harmon,female,"time.struct_time(tm_year=2020, tm_mon=1, tm_mday=15, tm_hour=0, tm_min=0, tm_sec=0, tm_wday=2, tm_yday=15, tm_isdst=-1)",mark83@example.com,001-902-003-4739,6231,76100,0,71,147,72,0,0,do_not,restaurant,367,$5-$9.99,2,286,0,3,1,https://picsum.photos/51/872,https://placekitten.com/197/667,Pacific/Auckland,1,58,FI100058,Chocolate Cake,450058.0,5051379016846.0,Fresh & Easy,BBQ & Cheese Sauce,usda,158.0,0.0,0.0,13.39,24.06,Also more despite through southern third perhaps.,100.0,1.0,,,,,,,,,,,,,,,,,,,,,,,
46,72,2024-01-01,FI100082,1,food_item,2,88.0,11.73,37.72,1.53,1 slice,265.0,U100038,38,T100038,U100038,Lisa Watson,female,"time.struct_time(tm_year=1915, tm_mon=3, tm_mday=20, tm_hour=0, tm_min=0, tm_sec=0, tm_wday=5, tm_yday=79, tm_isdst=-1)",bmoore@example.net,751.129.7457,13296,42300,0,65,46,67,1000038,0,do_not,home,112,Less than $5,3,1383,1,2,1,https://picsum.photos/231/604,https://placekitten.com/580/434,Asia/Omsk,1,82,FI100082,Tacos,450082.0,5051379017808.0,Fresh & Easy,Ice Cream & Frozen Yogurt,usda,155.0,2.5,0.0,34.99,45.73,Wife seem find moment your address per meet.,100.0,1.0,,,,,,,,,,,,,,,,,,,,,,,
47,86,2024-01-19,FI100019,1,food_item,13,205.0,30.09,25.01,10.23,gm,248.0,U100043,43,T100043,U100043,Amanda Singleton,female,"time.struct_time(tm_year=1966, tm_mon=12, tm_mday=13, tm_hour=0, tm_min=0, tm_sec=0, tm_wday=1, tm_yday=347, tm_isdst=-1)",daniellemiller@example.com,(136)682-1720x995,19368,96310,0,71,113,76,0,0,do_not,home,483,$5-$9.99,4,626,1,3,1,https://picsum.photos/242/87,https://placekitten.com/908/513,Atlantic/Madeira,1,19,FI100019,Caesar Salad,450019.0,5051379025258.0,"G. T. Japan, Inc.",BBQ & Cheese Sauce,usda,200.0,2.5,0.0,33.62,37.91,Community magazine teach red.,100.0,1.0,,,,,,,,,,,,,,,,,,,,,,,
48,96,2024-01-20,FI100083,1,food_item,9,220.0,39.08,4.69,24.05,gm,201.0,U100055,55,T100055,U100055,Olivia Perry,female,"time.struct_time(tm_year=2013, tm_mon=1, tm_mday=30, tm_hour=0, tm_min=0, tm_sec=0, tm_wday=2, tm_yday=30, tm_isdst=-1)",westhannah@example.org,314-166-3804x749,13880,35878,1,65,52,77,1000055,1000055,1_3_days,restaurant,175,Less than $5,2,1645,1,3,0,https://placekitten.com/311/375,https://placekitten.com/354/401,Africa/Bujumbura,1,83,FI100083,Beef Tacos,450083.0,5051379019531.0,Fresh & Easy,Ice Cream & Frozen Yogurt,usda,103.0,0.0,25.0,28.46,42.84,Article speak focus small imagine six project.,100.0,1.0,,,,,,,,,,,,,,,,,,,,,,,
0,0,2024-01-10,RP100015,1,,12,,,,,,,U100015,15,T100015,U100015,Kathryn Lowe,female,"time.struct_time(tm_year=2000, tm_mon=5, tm_mday=16, tm_hour=0, tm_min=0, tm_sec=0, tm_wday=1, tm_yday=137, tm_isdst=-1)",tommy43@example.net,+1-074-706-8207x26608,24195,58496,0,68,107,56,0,0,do_not,restaurant,324,Less than $5,2,457,0,1,0,https://dummyimage.com/329x875,https://dummyimage.com/549x292,Australia/LHI,1,15,,,,,,,,,,,,,"Classic Italian dish with ground beef, tomatoes, and herbs served over spaghetti.",,,recipe,251.0,15.75,3.84,10.87,gm,136.0,RP100015,Shrimp Scampi,Healthy stir-fry with a mix of colorful vegetables and tofu or your choice of protein.,9.0,200.0,ml,360.0,42.0,"Tasty beef tacos with seasoned meat, lettuce, tomatoes, and cheese.",25 min,134.02,9.86,1208.0,21.33,https://picsum.photos/53/807,recipe
1,65,2024-01-02,RP100047,1,,15,,,,,,,U100015,15,T100015,U100015,Kathryn Lowe,female,"time.struct_time(tm_year=2000, tm_mon=5, tm_mday=16, tm_hour=0, tm_min=0, tm_sec=0, tm_wday=1, tm_yday=137, tm_isdst=-1)",tommy43@example.net,+1-074-706-8207x26608,24195,58496,0,68,107,56,0,0,do_not,restaurant,324,Less than $5,2,457,0,1,0,https://dummyimage.com/329x875,https://dummyimage.com/549x292,Australia/LHI,1,47,,,,,,,,,,,,,Garlic-infused shrimp cooked in a white wine and lemon butter sauce.,,,recipe,294.0,25.02,37.41,13.45,ml,86.0,RP100047,Mushroom Risotto,"Fresh and crisp salad with grilled chicken, romaine lettuce, and Caesar dressing.",4.0,220.0,ml,200.0,28.0,Garlic-infused shrimp cooked in a white wine and lemon butter sauce.,5 min,266.61,19.89,1045.0,37.64,https://placekitten.com/701/965,recipe
2,91,2024-01-09,RP100047,1,,14,,,,,,,U100013,13,T100013,U100013,Ashley Alexander,female,"time.struct_time(tm_year=1974, tm_mon=3, tm_mday=29, tm_hour=0, tm_min=0, tm_sec=0, tm_wday=4, tm_yday=88, tm_isdst=-1)",icastillo@example.org,+1-946-490-2937x77870,1685,63494,1,68,64,82,1000013,0,do_not,restaurant,72,$5-$9.99,2,1461,1,1,0,https://dummyimage.com/73x672,https://picsum.photos/286/348,America/Managua,1,47,,,,,,,,,,,,,Garlic-infused shrimp cooked in a white wine and lemon butter sauce.,,,recipe,290.0,33.78,10.26,28.22,gm,70.0,RP100047,Mushroom Risotto,"Fresh and crisp salad with grilled chicken, romaine lettuce, and Caesar dressing.",4.0,220.0,ml,200.0,28.0,Garlic-infused shrimp cooked in a white wine and lemon butter sauce.,5 min,266.61,19.89,1045.0,37.64,https://placekitten.com/701/965,recipe
3,1,2024-01-04,RP100054,1,,5,,,,,,,U100068,68,T100068,U100068,Christopher Simmons,male,"time.struct_time(tm_year=2011, tm_mon=9, tm_mday=29, tm_hour=0, tm_min=0, tm_sec=0, tm_wday=3, tm_yday=272, tm_isdst=-1)",traceysantiago@example.com,692.562.5972x9515,14312,17820,0,72,47,89,0,0,1_3_days,restaurant,449,Less than $5,3,1125,1,3,1,https://placekitten.com/73/579,https://dummyimage.com/215x904,Europe/Zurich,1,54,,,,,,,,,,,,,Light and flavorful grilled salmon fillets drizzled with fresh lemon juice.,,,recipe,126.0,23.35,11.38,12.97,1 slice,61.0,RP100054,Beef Tacos,"Simple and delicious pizza with tomato sauce, fresh mozzarella, and basil.",2.0,110.0,ml,160.0,156.0,Garlic-infused shrimp cooked in a white wine and lemon butter sauce.,5 min,91.11,2.78,1179.0,35.59,https://placekitten.com/573/181,recipe
4,81,2024-01-17,RP100024,1,,8,,,,,,,U100031,31,T100031,U100031,Crystal Ortiz,female,"time.struct_time(tm_year=1981, tm_mon=9, tm_mday=3, tm_hour=0, tm_min=0, tm_sec=0, tm_wday=3, tm_yday=246, tm_isdst=-1)",langjessica@example.com,594.355.0237x72007,10468,43873,0,73,137,72,1000031,1000031,do_not,restaurant,38,$5-$9.99,1,426,1,3,1,https://dummyimage.com/826x751,https://placekitten.com/348/650,America/Mendoza,1,24,,,,,,,,,,,,,"Classic Italian dish with ground beef, tomatoes, and herbs served over spaghetti.",,,recipe,169.0,34.81,26.57,42.08,1 medium,46.0,RP100024,Shrimp Scampi,Healthy stir-fry with a mix of colorful vegetables and tofu or your choice of protein.,2.0,110.0,ml,200.0,18.0,Hearty vegan lentil soup packed with vegetables and aromatic spices.,25 min,72.56,62.69,950.0,28.35,https://dummyimage.com/626x980,recipe
5,3,2024-01-14,RP100088,1,,13,,,,,,,U100026,26,T100026,U100026,Christina Richardson,female,"time.struct_time(tm_year=1968, tm_mon=2, tm_mday=26, tm_hour=0, tm_min=0, tm_sec=0, tm_wday=0, tm_yday=57, tm_isdst=-1)",fwilliams@example.org,001-499-905-8483x322,12900,33726,1,67,121,112,1000026,1000026,do_not,restaurant,218,$5-$9.99,4,1469,0,2,1,https://picsum.photos/329/885,https://picsum.photos/465/6,America/Glace_Bay,1,88,,,,,,,,,,,,,"Tasty beef tacos with seasoned meat, lettuce, tomatoes, and cheese.",,,recipe,204.0,16.24,40.59,15.51,1 medium,197.0,RP100088,Vegan Lentil Soup,Hearty vegan lentil soup packed with vegetables and aromatic spices.,8.0,160.0,gm,160.0,184.0,"Classic Italian dish with ground beef, tomatoes, and herbs served over spaghetti.",5 min,224.54,77.14,1480.0,16.88,https://dummyimage.com/403x615,recipe
6,4,2024-01-11,RP100008,1,,11,,,,,,,U100067,67,T100067,U100067,Joseph Hines,male,"time.struct_time(tm_year=2021, tm_mon=4, tm_mday=6, tm_hour=0, tm_min=0, tm_sec=0, tm_wday=1, tm_yday=96, tm_isdst=-1)",haleyjessica@example.org,373.690.9085,21902,69466,1,73,109,65,1000067,1000067,do_not,restaurant,12,Less than $5,3,273,0,3,1,https://picsum.photos/351/360,https://picsum.photos/230/849,America/Dawson,1,8,,,,,,,,,,,,,"Creamy pasta dish with grilled chicken, Alfredo sauce, and Parmesan cheese.",,,recipe,191.0,33.74,30.29,23.39,1 slice,143.0,RP100008,Vegan Lentil Soup,Healthy stir-fry with a mix of colorful vegetables and tofu or your choice of protein.,9.0,210.0,gm,160.0,15.0,"Simple and delicious pizza with tomato sauce, fresh mozzarella, and basil.",30 min,208.65,37.02,678.0,32.67,https://picsum.photos/549/161,recipe
7,80,2024-01-03,RP100092,1,,10,,,,,,,U100069,69,T100069,U100069,William Jones,male,"time.struct_time(tm_year=2012, tm_mon=11, tm_mday=3, tm_hour=0, tm_min=0, tm_sec=0, tm_wday=5, tm_yday=308, tm_isdst=-1)",floresjessica@example.com,176.743.2080,5436,49596,1,71,84,81,1000069,1000069,1_3_days,restaurant,424,Less than $5,2,835,0,3,0,https://placekitten.com/814/504,https://picsum.photos/324/1,Asia/Chungking,1,92,,,,,,,,,,,,,"Fresh and crisp salad with grilled chicken, romaine lettuce, and Caesar dressing.",,,recipe,208.0,5.85,18.18,11.62,ml,115.0,RP100092,Beef Tacos,Light and flavorful grilled salmon fillets drizzled with fresh lemon juice.,3.0,220.0,gm,1000.0,63.0,Light and flavorful grilled salmon fillets drizzled with fresh lemon juice.,10 min,89.56,13.36,568.0,9.76,https://dummyimage.com/596x562,recipe
8,6,2024-01-01,RP100014,1,,15,,,,,,,U100062,62,T100062,U100062,Joshua Johnson,male,"time.struct_time(tm_year=1940, tm_mon=11, tm_mday=19, tm_hour=0, tm_min=0, tm_sec=0, tm_wday=1, tm_yday=324, tm_isdst=-1)",mercadojonathan@example.com,798.529.0508x204,13228,30784,1,72,143,116,0,0,1_3_days,restaurant,15,$5-$9.99,3,945,0,2,0,https://placekitten.com/685/786,https://placekitten.com/1006/403,Etc/GMT-11,1,14,,,,,,,,,,,,,Hearty vegan lentil soup packed with vegetables and aromatic spices.,,,recipe,276.0,29.95,21.1,32.58,1 slice,64.0,RP100014,Spaghetti Bolognese,Healthy stir-fry with a mix of colorful vegetables and tofu or your choice of protein.,3.0,110.0,gm,160.0,78.0,"Simple and delicious pizza with tomato sauce, fresh mozzarella, and basil.",10 min,233.29,33.78,431.0,9.73,https://picsum.photos/932/28,recipe
9,7,2024-01-20,RP100069,1,,14,,,,,,,U100011,11,T100011,U100011,Denise Donaldson,female,"time.struct_time(tm_year=1965, tm_mon=6, tm_mday=19, tm_hour=0, tm_min=0, tm_sec=0, tm_wday=5, tm_yday=170, tm_isdst=-1)",woodvalerie@example.com,703-767-2307,16543,24989,0,69,116,101,0,0,do_not,home,330,$5-$9.99,3,1524,1,3,0,https://dummyimage.com/1024x535,https://dummyimage.com/568x48,Antarctica/Mawson,1,69,,,,,,,,,,,,,Garlic-infused shrimp cooked in a white wine and lemon butter sauce.,,,recipe,296.0,3.99,25.89,42.72,ml,237.0,RP100069,Mushroom Risotto,Creamy and savory mushroom risotto made with Arborio rice and mushrooms.,5.0,110.0,ml,360.0,66.0,Healthy stir-fry with a mix of colorful vegetables and tofu or your choice of protein.,5 min,42.19,15.3,915.0,32.91,https://picsum.photos/440/258,recipe
10,9,2024-01-20,RP100065,1,,3,,,,,,,U100065,65,T100065,U100065,Javier Bailey,male,"time.struct_time(tm_year=2008, tm_mon=9, tm_mday=11, tm_hour=0, tm_min=0, tm_sec=0, tm_wday=3, tm_yday=255, tm_isdst=-1)",richard62@example.net,080-426-3791,12381,39995,1,65,53,102,1000065,0,do_not,restaurant,379,Less than $5,2,1133,1,1,1,https://dummyimage.com/469x117,https://dummyimage.com/35x629,Africa/Luanda,1,65,,,,,,,,,,,,,"Fresh and crisp salad with grilled chicken, romaine lettuce, and Caesar dressing.",,,recipe,142.0,46.17,24.45,46.37,1 medium,261.0,RP100065,Vegan Lentil Soup,"Tasty beef tacos with seasoned meat, lettuce, tomatoes, and cheese.",10.0,210.0,ml,200.0,161.0,"Classic Italian dish with ground beef, tomatoes, and herbs served over spaghetti.",10 min,291.03,57.73,1255.0,1.61,https://placekitten.com/307/956,recipe
11,98,2024-01-05,RP100055,1,,11,,,,,,,U100065,65,T100065,U100065,Javier Bailey,male,"time.struct_time(tm_year=2008, tm_mon=9, tm_mday=11, tm_hour=0, tm_min=0, tm_sec=0, tm_wday=3, tm_yday=255, tm_isdst=-1)",richard62@example.net,080-426-3791,12381,39995,1,65,53,102,1000065,0,do_not,restaurant,379,Less than $5,2,1133,1,1,1,https://dummyimage.com/469x117,https://dummyimage.com/35x629,Africa/Luanda,1,55,,,,,,,,,,,,,Healthy stir-fry with a mix of colorful vegetables and tofu or your choice of protein.,,,recipe,122.0,37.01,20.22,8.15,1 slice,106.0,RP100055,Vegan Lentil Soup,Creamy and savory mushroom risotto made with Arborio rice and mushrooms.,5.0,160.0,gm,640.0,107.0,"Creamy pasta dish with grilled chicken, Alfredo sauce, and Parmesan cheese.",30 min,43.76,20.99,390.0,27.67,https://picsum.photos/167/917,recipe
12,10,2024-01-15,RP100001,1,,6,,,,,,,U100053,53,T100053,U100053,Sarah Molina,female,"time.struct_time(tm_year=1999, tm_mon=5, tm_mday=20, tm_hour=0, tm_min=0, tm_sec=0, tm_wday=3, tm_yday=140, tm_isdst=-1)",smithrandy@example.org,+1-934-072-7357x9304,17597,17598,0,68,96,76,0,0,1_3_days,home,403,Less than $5,2,11,0,1,1,https://dummyimage.com/582x937,https://picsum.photos/863/377,Etc/GMT+12,1,1,,,,,,,,,,,,,Light and flavorful grilled salmon fillets drizzled with fresh lemon juice.,,,recipe,105.0,22.05,2.2,29.26,ml,261.0,RP100001,Vegan Lentil Soup,"Tasty beef tacos with seasoned meat, lettuce, tomatoes, and cheese.",5.0,130.0,gm,1000.0,145.0,Creamy and savory mushroom risotto made with Arborio rice and mushrooms.,10 min,189.09,60.72,700.0,21.99,https://picsum.photos/428/307,recipe
13,22,2024-01-06,RP100001,1,,3,,,,,,,U100075,75,T100075,U100075,Brandon Robinson,male,"time.struct_time(tm_year=2015, tm_mon=12, tm_mday=16, tm_hour=0, tm_min=0, tm_sec=0, tm_wday=2, tm_yday=350, tm_isdst=-1)",ramirezemily@example.com,(599)059-0655x23013,17105,32765,1,62,150,114,0,1000075,do_not,home,487,$5-$9.99,1,1700,0,2,0,https://picsum.photos/253/649,https://dummyimage.com/321x865,Asia/Ashgabat,1,1,,,,,,,,,,,,,Light and flavorful grilled salmon fillets drizzled with fresh lemon juice.,,,recipe,80.0,43.64,44.09,0.91,gm,70.0,RP100001,Vegan Lentil Soup,"Tasty beef tacos with seasoned meat, lettuce, tomatoes, and cheese.",5.0,130.0,gm,1000.0,145.0,Creamy and savory mushroom risotto made with Arborio rice and mushrooms.,10 min,189.09,60.72,700.0,21.99,https://picsum.photos/428/307,recipe
14,11,2024-01-18,RP100023,1,,15,,,,,,,U100029,29,T100029,U100029,Wendy Barnett,female,"time.struct_time(tm_year=1955, tm_mon=8, tm_mday=28, tm_hour=0, tm_min=0, tm_sec=0, tm_wday=6, tm_yday=240, tm_isdst=-1)",patricia24@example.com,254-037-1992x1697,23217,77506,1,63,71,66,0,0,1_3_days,restaurant,376,Less than $5,4,861,0,2,1,https://picsum.photos/235/763,https://dummyimage.com/427x504,Africa/Cairo,1,23,,,,,,,,,,,,,"Simple and delicious pizza with tomato sauce, fresh mozzarella, and basil.",,,recipe,222.0,13.76,33.68,32.91,gm,248.0,RP100023,Vegan Lentil Soup,Garlic-infused shrimp cooked in a white wine and lemon butter sauce.,2.0,150.0,ml,840.0,14.0,"Creamy pasta dish with grilled chicken, Alfredo sauce, and Parmesan cheese.",10 min,190.19,30.64,680.0,40.43,https://picsum.photos/417/107,recipe
15,94,2024-01-19,RP100023,1,,2,,,,,,,U100017,17,T100017,U100017,Susan Crane,female,"time.struct_time(tm_year=1972, tm_mon=7, tm_mday=29, tm_hour=0, tm_min=0, tm_sec=0, tm_wday=5, tm_yday=211, tm_isdst=-1)",andrewjones@example.net,224.533.6626,2601,37699,1,73,77,67,0,0,1_3_days,restaurant,476,Less than $5,2,690,1,1,0,https://dummyimage.com/711x119,https://picsum.photos/399/597,Africa/Sao_Tome,1,23,,,,,,,,,,,,,"Simple and delicious pizza with tomato sauce, fresh mozzarella, and basil.",,,recipe,293.0,44.87,32.18,34.32,1 medium,182.0,RP100023,Vegan Lentil Soup,Garlic-infused shrimp cooked in a white wine and lemon butter sauce.,2.0,150.0,ml,840.0,14.0,"Creamy pasta dish with grilled chicken, Alfredo sauce, and Parmesan cheese.",10 min,190.19,30.64,680.0,40.43,https://picsum.photos/417/107,recipe
16,87,2024-01-03,RP100017,1,,5,,,,,,,U100071,71,T100071,U100071,Terry Edwards,male,"time.struct_time(tm_year=1922, tm_mon=9, tm_mday=26, tm_hour=0, tm_min=0, tm_sec=0, tm_wday=1, tm_yday=269, tm_isdst=-1)",juliaferguson@example.com,(928)066-1392x769,7220,41049,0,63,68,92,1000071,1000071,do_not,restaurant,196,$5-$9.99,2,242,1,3,1,https://placekitten.com/49/949,https://picsum.photos/698/562,Asia/Damascus,1,17,,,,,,,,,,,,,"Tasty beef tacos with seasoned meat, lettuce, tomatoes, and cheese.",,,recipe,230.0,11.88,30.19,13.52,1 slice,114.0,RP100017,Grilled Salmon with Lemon,"Classic Italian dish with ground beef, tomatoes, and herbs served over spaghetti.",4.0,200.0,gm,220.0,161.0,Hearty vegan lentil soup packed with vegetables and aromatic spices.,25 min,244.3,32.93,531.0,42.56,https://dummyimage.com/104x655,recipe
17,68,2024-01-19,RP100017,1,,12,,,,,,,U100032,32,T100032,U100032,Rebecca Collins,female,"time.struct_time(tm_year=2008, tm_mon=3, tm_mday=19, tm_hour=0, tm_min=0, tm_sec=0, tm_wday=2, tm_yday=79, tm_isdst=-1)",edwardferguson@example.com,085.514.2292x751,3419,71052,0,67,134,117,1000032,1000032,1_3_days,home,233,$5-$9.99,4,149,1,3,0,https://placekitten.com/756/816,https://placekitten.com/492/662,Asia/Dushanbe,1,17,,,,,,,,,,,,,"Tasty beef tacos with seasoned meat, lettuce, tomatoes, and cheese.",,,recipe,188.0,14.41,49.16,32.55,1 medium,74.0,RP100017,Grilled Salmon with Lemon,"Classic Italian dish with ground beef, tomatoes, and herbs served over spaghetti.",4.0,200.0,gm,220.0,161.0,Hearty vegan lentil soup packed with vegetables and aromatic spices.,25 min,244.3,32.93,531.0,42.56,https://dummyimage.com/104x655,recipe
18,99,2024-01-06,RP100013,1,,7,,,,,,,U100071,71,T100071,U100071,Terry Edwards,male,"time.struct_time(tm_year=1922, tm_mon=9, tm_mday=26, tm_hour=0, tm_min=0, tm_sec=0, tm_wday=1, tm_yday=269, tm_isdst=-1)",juliaferguson@example.com,(928)066-1392x769,7220,41049,0,63,68,92,1000071,1000071,do_not,restaurant,196,$5-$9.99,2,242,1,3,1,https://placekitten.com/49/949,https://picsum.photos/698/562,Asia/Damascus,1,13,,,,,,,,,,,,,"Simple and delicious pizza with tomato sauce, fresh mozzarella, and basil.",,,recipe,89.0,49.8,2.92,13.32,1 slice,298.0,RP100013,Chicken Caesar Salad,Garlic-infused shrimp cooked in a white wine and lemon butter sauce.,10.0,210.0,gm,200.0,130.0,"Fresh and crisp salad with grilled chicken, romaine lettuce, and Caesar dressing.",30 min,208.03,77.72,379.0,15.29,https://picsum.photos/385/862,recipe
19,51,2024-01-08,RP100013,1,,2,,,,,,,U100012,12,T100012,U100012,Sherry Wall DDS,female,"time.struct_time(tm_year=2006, tm_mon=5, tm_mday=15, tm_hour=0, tm_min=0, tm_sec=0, tm_wday=0, tm_yday=135, tm_isdst=-1)",aaronmartinez@example.org,(333)450-4677,22640,24799,1,63,134,114,0,0,1_3_days,restaurant,305,Less than $5,4,1110,1,3,1,https://dummyimage.com/468x647,https://placekitten.com/91/809,Pacific/Kosrae,1,13,,,,,,,,,,,,,"Simple and delicious pizza with tomato sauce, fresh mozzarella, and basil.",,,recipe,148.0,43.34,8.68,34.38,gm,59.0,RP100013,Chicken Caesar Salad,Garlic-infused shrimp cooked in a white wine and lemon butter sauce.,10.0,210.0,gm,200.0,130.0,"Fresh and crisp salad with grilled chicken, romaine lettuce, and Caesar dressing.",30 min,208.03,77.72,379.0,15.29,https://picsum.photos/385/862,recipe
20,16,2024-01-03,RP100022,1,,1,,,,,,,U100010,10,T100010,U100010,Elizabeth Lopez,female,"time.struct_time(tm_year=2013, tm_mon=11, tm_mday=17, tm_hour=0, tm_min=0, tm_sec=0, tm_wday=6, tm_yday=321, tm_isdst=-1)",jamesnguyen@example.net,001-099-406-9684x5107,11790,28058,0,65,120,109,1000010,1000010,1_3_days,restaurant,423,Less than $5,3,242,1,3,1,https://placekitten.com/673/1014,https://picsum.photos/350/806,Asia/Hong_Kong,1,22,,,,,,,,,,,,,Healthy stir-fry with a mix of colorful vegetables and tofu or your choice of protein.,,,recipe,130.0,37.64,4.68,0.28,1 slice,3.0,RP100022,Grilled Salmon with Lemon,"Creamy pasta dish with grilled chicken, Alfredo sauce, and Parmesan cheese.",8.0,220.0,ml,360.0,116.0,Garlic-infused shrimp cooked in a white wine and lemon butter sauce.,5 min,113.08,21.36,1282.0,39.79,https://picsum.photos/516/997,recipe
21,17,2024-01-18,RP100004,1,,11,,,,,,,U100072,72,T100072,U100072,Adam Jones,male,"time.struct_time(tm_year=1913, tm_mon=6, tm_mday=18, tm_hour=0, tm_min=0, tm_sec=0, tm_wday=2, tm_yday=169, tm_isdst=-1)",omcclure@example.net,5024347820,6703,64496,1,68,136,50,0,0,do_not,restaurant,49,$5-$9.99,3,141,1,2,1,https://picsum.photos/418/727,https://placekitten.com/334/815,Indian/Maldives,1,4,,,,,,,,,,,,,"Simple and delicious pizza with tomato sauce, fresh mozzarella, and basil.",,,recipe,89.0,18.93,34.64,20.68,1 medium,111.0,RP100004,Beef Tacos,"Fresh and crisp salad with grilled chicken, romaine lettuce, and Caesar dressing.",2.0,160.0,gm,220.0,64.0,"Classic Italian dish with ground beef, tomatoes, and herbs served over spaghetti.",5 min,222.64,4.97,1383.0,34.8,https://picsum.photos/158/805,recipe
22,46,2024-01-20,RP100004,1,,2,,,,,,,U100008,8,T100008,U100008,Melissa Thornton,female,"time.struct_time(tm_year=1996, tm_mon=1, tm_mday=12, tm_hour=0, tm_min=0, tm_sec=0, tm_wday=4, tm_yday=12, tm_isdst=-1)",dannygreen@example.org,952.585.6179x4253,20676,40418,1,65,51,51,0,0,1_3_days,restaurant,481,$5-$9.99,1,414,0,2,1,https://dummyimage.com/544x540,https://dummyimage.com/783x862,US/East-Indiana,1,4,,,,,,,,,,,,,"Simple and delicious pizza with tomato sauce, fresh mozzarella, and basil.",,,recipe,284.0,2.73,19.89,2.64,1 medium,26.0,RP100004,Beef Tacos,"Fresh and crisp salad with grilled chicken, romaine lettuce, and Caesar dressing.",2.0,160.0,gm,220.0,64.0,"Classic Italian dish with ground beef, tomatoes, and herbs served over spaghetti.",5 min,222.64,4.97,1383.0,34.8,https://picsum.photos/158/805,recipe
23,82,2024-01-18,RP100004,1,,4,,,,,,,U100041,41,T100041,U100041,Mrs. Diane Davila,female,"time.struct_time(tm_year=1923, tm_mon=11, tm_mday=26, tm_hour=0, tm_min=0, tm_sec=0, tm_wday=0, tm_yday=330, tm_isdst=-1)",darrelljohnson@example.org,875-841-7028,22712,50386,0,67,111,59,0,0,do_not,restaurant,389,$5-$9.99,3,882,1,2,1,https://dummyimage.com/957x543,https://placekitten.com/166/474,Asia/Tashkent,1,4,,,,,,,,,,,,,"Simple and delicious pizza with tomato sauce, fresh mozzarella, and basil.",,,recipe,283.0,15.17,10.88,47.99,gm,266.0,RP100004,Beef Tacos,"Fresh and crisp salad with grilled chicken, romaine lettuce, and Caesar dressing.",2.0,160.0,gm,220.0,64.0,"Classic Italian dish with ground beef, tomatoes, and herbs served over spaghetti.",5 min,222.64,4.97,1383.0,34.8,https://picsum.photos/158/805,recipe
24,21,2024-01-10,RP100045,1,,13,,,,,,,U100072,72,T100072,U100072,Adam Jones,male,"time.struct_time(tm_year=1913, tm_mon=6, tm_mday=18, tm_hour=0, tm_min=0, tm_sec=0, tm_wday=2, tm_yday=169, tm_isdst=-1)",omcclure@example.net,5024347820,6703,64496,1,68,136,50,0,0,do_not,restaurant,49,$5-$9.99,3,141,1,2,1,https://picsum.photos/418/727,https://placekitten.com/334/815,Indian/Maldives,1,45,,,,,,,,,,,,,"Creamy pasta dish with grilled chicken, Alfredo sauce, and Parmesan cheese.",,,recipe,250.0,46.44,33.36,44.54,1 slice,240.0,RP100045,Spaghetti Bolognese,Hearty vegan lentil soup packed with vegetables and aromatic spices.,3.0,160.0,gm,640.0,16.0,Hearty vegan lentil soup packed with vegetables and aromatic spices.,5 min,118.71,27.19,671.0,39.13,https://dummyimage.com/67x14,recipe
25,57,2024-01-07,RP100045,1,,8,,,,,,,U100039,39,T100039,U100039,Michelle Hart,female,"time.struct_time(tm_year=1977, tm_mon=1, tm_mday=15, tm_hour=0, tm_min=0, tm_sec=0, tm_wday=5, tm_yday=15, tm_isdst=-1)",whitejessica@example.org,001-941-018-8878,1007,80687,0,61,98,88,1000039,1000039,do_not,restaurant,83,$5-$9.99,2,626,0,2,1,https://dummyimage.com/947x592,https://placekitten.com/1000/861,Asia/Shanghai,1,45,,,,,,,,,,,,,"Creamy pasta dish with grilled chicken, Alfredo sauce, and Parmesan cheese.",,,recipe,89.0,23.96,1.49,32.28,1 slice,219.0,RP100045,Spaghetti Bolognese,Hearty vegan lentil soup packed with vegetables and aromatic spices.,3.0,160.0,gm,640.0,16.0,Hearty vegan lentil soup packed with vegetables and aromatic spices.,5 min,118.71,27.19,671.0,39.13,https://dummyimage.com/67x14,recipe
26,19,2024-01-10,RP100011,1,,14,,,,,,,U100083,83,T100083,U100083,Phillip Smith,male,"time.struct_time(tm_year=1970, tm_mon=6, tm_mday=28, tm_hour=0, tm_min=0, tm_sec=0, tm_wday=6, tm_yday=179, tm_isdst=-1)",mollyhancock@example.net,+1-377-791-8113x6404,11982,79385,0,73,87,113,0,1000083,1_3_days,restaurant,193,Less than $5,4,740,0,1,1,https://dummyimage.com/50x705,https://dummyimage.com/928x628,America/La_Paz,1,11,,,,,,,,,,,,,"Simple and delicious pizza with tomato sauce, fresh mozzarella, and basil.",,,recipe,247.0,27.2,10.87,45.03,1 medium,260.0,RP100011,Chicken Alfredo Pasta,"Classic Italian dish with ground beef, tomatoes, and herbs served over spaghetti.",7.0,210.0,gm,360.0,26.0,Healthy stir-fry with a mix of colorful vegetables and tofu or your choice of protein.,25 min,217.16,49.17,1136.0,25.42,https://picsum.photos/568/489,recipe
27,58,2024-01-01,RP100021,1,,9,,,,,,,U100075,75,T100075,U100075,Brandon Robinson,male,"time.struct_time(tm_year=2015, tm_mon=12, tm_mday=16, tm_hour=0, tm_min=0, tm_sec=0, tm_wday=2, tm_yday=350, tm_isdst=-1)",ramirezemily@example.com,(599)059-0655x23013,17105,32765,1,62,150,114,0,1000075,do_not,home,487,$5-$9.99,1,1700,0,2,0,https://picsum.photos/253/649,https://dummyimage.com/321x865,Asia/Ashgabat,1,21,,,,,,,,,,,,,"Classic Italian dish with ground beef, tomatoes, and herbs served over spaghetti.",,,recipe,218.0,14.37,1.33,36.7,gm,219.0,RP100021,Beef Tacos,Creamy and savory mushroom risotto made with Arborio rice and mushrooms.,10.0,150.0,gm,360.0,145.0,"Simple and delicious pizza with tomato sauce, fresh mozzarella, and basil.",5 min,177.9,15.76,782.0,3.21,https://picsum.photos/861/995,recipe
28,24,2024-01-10,RP100012,1,,15,,,,,,,U100033,33,T100033,U100033,Joy Jacobson,female,"time.struct_time(tm_year=1923, tm_mon=11, tm_mday=5, tm_hour=0, tm_min=0, tm_sec=0, tm_wday=0, tm_yday=309, tm_isdst=-1)",zhangconnor@example.net,676.612.1922,21049,66878,0,60,62,66,0,1000033,1_3_days,restaurant,217,Less than $5,4,1518,0,3,1,https://picsum.photos/824/766,https://dummyimage.com/415x494,Europe/Chisinau,1,12,,,,,,,,,,,,,Creamy and savory mushroom risotto made with Arborio rice and mushrooms.,,,recipe,282.0,41.65,23.51,26.74,gm,26.0,RP100012,Chicken Caesar Salad,Garlic-infused shrimp cooked in a white wine and lemon butter sauce.,1.0,210.0,ml,360.0,156.0,"Fresh and crisp salad with grilled chicken, romaine lettuce, and Caesar dressing.",15 min,23.96,34.87,727.0,48.04,https://picsum.photos/429/352,recipe
29,25,2024-01-11,RP100063,1,,6,,,,,,,U100001,1,T100001,U100001,Denise Clark,female,"time.struct_time(tm_year=1939, tm_mon=11, tm_mday=16, tm_hour=0, tm_min=0, tm_sec=0, tm_wday=3, tm_yday=320, tm_isdst=-1)",matthew49@example.com,7135512092,3951,63243,0,62,74,91,1000001,1000001,1_3_days,home,429,Less than $5,4,604,0,2,1,https://picsum.photos/746/333,https://placekitten.com/549/605,America/Vancouver,1,63,,,,,,,,,,,,,"Classic Italian dish with ground beef, tomatoes, and herbs served over spaghetti.",,,recipe,119.0,28.27,15.15,2.65,gm,69.0,RP100063,Chicken Caesar Salad,Creamy and savory mushroom risotto made with Arborio rice and mushrooms.,4.0,210.0,gm,200.0,184.0,"Creamy pasta dish with grilled chicken, Alfredo sauce, and Parmesan cheese.",30 min,2.41,52.59,330.0,36.75,https://picsum.photos/792/286,recipe
30,95,2024-01-01,RP100063,1,,15,,,,,,,U100046,46,T100046,U100046,Julie Hayes,female,"time.struct_time(tm_year=2004, tm_mon=1, tm_mday=2, tm_hour=0, tm_min=0, tm_sec=0, tm_wday=4, tm_yday=2, tm_isdst=-1)",denisemorgan@example.com,+1-890-935-3356x05059,17580,29267,0,72,114,63,0,0,do_not,restaurant,119,$5-$9.99,1,1746,1,1,1,https://placekitten.com/765/713,https://placekitten.com/31/216,America/Goose_Bay,1,63,,,,,,,,,,,,,"Classic Italian dish with ground beef, tomatoes, and herbs served over spaghetti.",,,recipe,243.0,49.23,10.45,9.81,1 slice,95.0,RP100063,Chicken Caesar Salad,Creamy and savory mushroom risotto made with Arborio rice and mushrooms.,4.0,210.0,gm,200.0,184.0,"Creamy pasta dish with grilled chicken, Alfredo sauce, and Parmesan cheese.",30 min,2.41,52.59,330.0,36.75,https://picsum.photos/792/286,recipe
31,26,2024-01-20,RP100000,1,,2,,,,,,,U100085,85,T100085,U100085,Jonathan Willis,male,"time.struct_time(tm_year=1936, tm_mon=12, tm_mday=31, tm_hour=0, tm_min=0, tm_sec=0, tm_wday=3, tm_yday=366, tm_isdst=-1)",bensonzoe@example.org,968-259-3330,19213,16281,1,66,115,70,1000085,1000085,do_not,restaurant,313,$5-$9.99,2,184,0,1,1,https://placekitten.com/1010/438,https://picsum.photos/139/350,Europe/Vienna,1,0,,,,,,,,,,,,,Healthy stir-fry with a mix of colorful vegetables and tofu or your choice of protein.,,,recipe,83.0,36.09,15.0,9.53,ml,46.0,RP100000,Chicken Alfredo Pasta,"Simple and delicious pizza with tomato sauce, fresh mozzarella, and basil.",7.0,110.0,ml,160.0,87.0,Garlic-infused shrimp cooked in a white wine and lemon butter sauce.,25 min,25.49,33.02,862.0,24.21,https://dummyimage.com/793x574,recipe
32,83,2024-01-18,RP100000,1,,12,,,,,,,U100051,51,T100051,U100051,Jacqueline Fox,female,"time.struct_time(tm_year=1914, tm_mon=5, tm_mday=25, tm_hour=0, tm_min=0, tm_sec=0, tm_wday=0, tm_yday=145, tm_isdst=-1)",sgonzalez@example.com,+1-682-717-9357x420,1535,35418,0,67,57,115,0,0,1_3_days,home,227,$5-$9.99,1,939,1,2,0,https://dummyimage.com/664x187,https://dummyimage.com/610x962,Europe/Chisinau,1,0,,,,,,,,,,,,,Healthy stir-fry with a mix of colorful vegetables and tofu or your choice of protein.,,,recipe,282.0,23.9,49.14,26.0,ml,146.0,RP100000,Chicken Alfredo Pasta,"Simple and delicious pizza with tomato sauce, fresh mozzarella, and basil.",7.0,110.0,ml,160.0,87.0,Garlic-infused shrimp cooked in a white wine and lemon butter sauce.,25 min,25.49,33.02,862.0,24.21,https://dummyimage.com/793x574,recipe
33,63,2024-01-08,RP100071,1,,9,,,,,,,U100085,85,T100085,U100085,Jonathan Willis,male,"time.struct_time(tm_year=1936, tm_mon=12, tm_mday=31, tm_hour=0, tm_min=0, tm_sec=0, tm_wday=3, tm_yday=366, tm_isdst=-1)",bensonzoe@example.org,968-259-3330,19213,16281,1,66,115,70,1000085,1000085,do_not,restaurant,313,$5-$9.99,2,184,0,1,1,https://placekitten.com/1010/438,https://picsum.photos/139/350,Europe/Vienna,1,71,,,,,,,,,,,,,Hearty vegan lentil soup packed with vegetables and aromatic spices.,,,recipe,117.0,2.11,36.85,36.51,gm,60.0,RP100071,Vegan Lentil Soup,Healthy stir-fry with a mix of colorful vegetables and tofu or your choice of protein.,9.0,130.0,ml,220.0,45.0,"Tasty beef tacos with seasoned meat, lettuce, tomatoes, and cheese.",10 min,256.62,19.41,835.0,29.39,https://picsum.photos/641/979,recipe
34,28,2024-01-04,RP100051,1,,2,,,,,,,U100076,76,T100076,U100076,Stuart Young,male,"time.struct_time(tm_year=1941, tm_mon=10, tm_mday=25, tm_hour=0, tm_min=0, tm_sec=0, tm_wday=5, tm_yday=298, tm_isdst=-1)",patricia23@example.com,5307245003,5882,63733,0,62,139,103,1000076,1000076,1_3_days,restaurant,472,Less than $5,4,927,0,3,0,https://picsum.photos/885/88,https://placekitten.com/685/660,Africa/Johannesburg,1,51,,,,,,,,,,,,,"Simple and delicious pizza with tomato sauce, fresh mozzarella, and basil.",,,recipe,168.0,46.74,7.3,14.43,1 slice,11.0,RP100051,Beef Tacos,Garlic-infused shrimp cooked in a white wine and lemon butter sauce.,8.0,160.0,gm,1000.0,41.0,"Fresh and crisp salad with grilled chicken, romaine lettuce, and Caesar dressing.",10 min,11.93,54.78,582.0,8.35,https://placekitten.com/43/878,recipe
35,53,2024-01-04,RP100027,1,,11,,,,,,,U100076,76,T100076,U100076,Stuart Young,male,"time.struct_time(tm_year=1941, tm_mon=10, tm_mday=25, tm_hour=0, tm_min=0, tm_sec=0, tm_wday=5, tm_yday=298, tm_isdst=-1)",patricia23@example.com,5307245003,5882,63733,0,62,139,103,1000076,1000076,1_3_days,restaurant,472,Less than $5,4,927,0,3,0,https://picsum.photos/885/88,https://placekitten.com/685/660,Africa/Johannesburg,1,27,,,,,,,,,,,,,"Tasty beef tacos with seasoned meat, lettuce, tomatoes, and cheese.",,,recipe,95.0,14.36,15.45,3.35,ml,47.0,RP100027,Chicken Caesar Salad,"Tasty beef tacos with seasoned meat, lettuce, tomatoes, and cheese.",5.0,130.0,gm,360.0,53.0,Garlic-infused shrimp cooked in a white wine and lemon butter sauce.,15 min,162.33,65.5,594.0,24.82,https://picsum.photos/728/671,recipe
36,71,2024-01-05,RP100027,1,,1,,,,,,,U100004,4,T100004,U100004,Angela Flynn,female,"time.struct_time(tm_year=1969, tm_mon=5, tm_mday=8, tm_hour=0, tm_min=0, tm_sec=0, tm_wday=3, tm_yday=128, tm_isdst=-1)",coxeduardo@example.net,+1-035-830-6048,10246,58097,1,71,115,81,0,1000004,do_not,home,113,Less than $5,2,1605,1,1,0,https://dummyimage.com/964x1018,https://picsum.photos/576/133,America/Chicago,1,27,,,,,,,,,,,,,"Tasty beef tacos with seasoned meat, lettuce, tomatoes, and cheese.",,,recipe,143.0,19.78,49.39,26.15,ml,188.0,RP100027,Chicken Caesar Salad,"Tasty beef tacos with seasoned meat, lettuce, tomatoes, and cheese.",5.0,130.0,gm,360.0,53.0,Garlic-infused shrimp cooked in a white wine and lemon butter sauce.,15 min,162.33,65.5,594.0,24.82,https://picsum.photos/728/671,recipe
37,41,2024-01-14,RP100096,1,,2,,,,,,,U100022,22,T100022,U100022,Ashley Smith,female,"time.struct_time(tm_year=1947, tm_mon=5, tm_mday=31, tm_hour=0, tm_min=0, tm_sec=0, tm_wday=5, tm_yday=151, tm_isdst=-1)",vanessaclark@example.com,001-955-270-2036x0402,22888,65481,1,64,69,61,1000022,1000022,do_not,home,132,$5-$9.99,3,70,1,3,0,https://picsum.photos/44/594,https://dummyimage.com/35x103,America/Bahia,1,96,,,,,,,,,,,,,"Creamy pasta dish with grilled chicken, Alfredo sauce, and Parmesan cheese.",,,recipe,267.0,15.11,16.03,22.37,1 slice,161.0,RP100096,Vegetarian Stir-Fry,"Classic Italian dish with ground beef, tomatoes, and herbs served over spaghetti.",1.0,150.0,ml,840.0,68.0,"Creamy pasta dish with grilled chicken, Alfredo sauce, and Parmesan cheese.",10 min,119.18,4.27,324.0,14.85,https://placekitten.com/904/848,recipe
38,32,2024-01-10,RP100066,1,,5,,,,,,,U100039,39,T100039,U100039,Michelle Hart,female,"time.struct_time(tm_year=1977, tm_mon=1, tm_mday=15, tm_hour=0, tm_min=0, tm_sec=0, tm_wday=5, tm_yday=15, tm_isdst=-1)",whitejessica@example.org,001-941-018-8878,1007,80687,0,61,98,88,1000039,1000039,do_not,restaurant,83,$5-$9.99,2,626,0,2,1,https://dummyimage.com/947x592,https://placekitten.com/1000/861,Asia/Shanghai,1,66,,,,,,,,,,,,,Healthy stir-fry with a mix of colorful vegetables and tofu or your choice of protein.,,,recipe,286.0,35.4,33.71,40.73,ml,248.0,RP100066,Chicken Caesar Salad,"Classic Italian dish with ground beef, tomatoes, and herbs served over spaghetti.",1.0,110.0,ml,840.0,55.0,"Tasty beef tacos with seasoned meat, lettuce, tomatoes, and cheese.",5 min,216.32,13.38,300.0,2.6,https://picsum.photos/293/853,recipe
39,34,2024-01-10,RP100003,1,,2,,,,,,,U100074,74,T100074,U100074,Preston Miller,male,"time.struct_time(tm_year=1921, tm_mon=9, tm_mday=5, tm_hour=0, tm_min=0, tm_sec=0, tm_wday=0, tm_yday=248, tm_isdst=-1)",karen26@example.org,(357)531-2794x12704,9610,30801,1,69,104,67,0,0,1_3_days,restaurant,401,$5-$9.99,4,405,1,3,0,https://placekitten.com/677/942,https://picsum.photos/123/30,Pacific/Marquesas,1,3,,,,,,,,,,,,,Light and flavorful grilled salmon fillets drizzled with fresh lemon juice.,,,recipe,240.0,31.78,9.14,25.93,1 medium,22.0,RP100003,Margherita Pizza,Hearty vegan lentil soup packed with vegetables and aromatic spices.,3.0,130.0,gm,360.0,188.0,"Simple and delicious pizza with tomato sauce, fresh mozzarella, and basil.",10 min,177.98,44.46,1264.0,45.0,https://placekitten.com/466/365,recipe
40,35,2024-01-13,RP100032,1,,13,,,,,,,U100078,78,T100078,U100078,Micheal Thornton,male,"time.struct_time(tm_year=1932, tm_mon=12, tm_mday=21, tm_hour=0, tm_min=0, tm_sec=0, tm_wday=2, tm_yday=356, tm_isdst=-1)",jsmith@example.org,001-228-658-7788,24677,52855,0,73,143,103,0,1000078,1_3_days,home,172,Less than $5,3,1121,0,1,0,https://placekitten.com/992/611,https://placekitten.com/758/296,Brazil/West,1,32,,,,,,,,,,,,,Creamy and savory mushroom risotto made with Arborio rice and mushrooms.,,,recipe,232.0,9.83,17.65,1.75,gm,25.0,RP100032,Vegan Lentil Soup,"Creamy pasta dish with grilled chicken, Alfredo sauce, and Parmesan cheese.",4.0,220.0,ml,200.0,45.0,"Tasty beef tacos with seasoned meat, lettuce, tomatoes, and cheese.",5 min,135.24,61.5,882.0,35.62,https://dummyimage.com/113x912,recipe
41,37,2024-01-12,RP100057,1,,2,,,,,,,U100019,19,T100019,U100019,Kelly Wall,female,"time.struct_time(tm_year=1992, tm_mon=1, tm_mday=16, tm_hour=0, tm_min=0, tm_sec=0, tm_wday=3, tm_yday=16, tm_isdst=-1)",garyfitzgerald@example.org,(275)746-2198,10577,83953,0,60,76,108,0,1000019,1_3_days,home,199,$5-$9.99,3,853,0,2,1,https://dummyimage.com/881x112,https://placekitten.com/110/1001,America/Lima,1,57,,,,,,,,,,,,,Healthy stir-fry with a mix of colorful vegetables and tofu or your choice of protein.,,,recipe,256.0,2.11,44.76,17.16,1 slice,22.0,RP100057,Mushroom Risotto,"Simple and delicious pizza with tomato sauce, fresh mozzarella, and basil.",9.0,160.0,ml,360.0,79.0,"Tasty beef tacos with seasoned meat, lettuce, tomatoes, and cheese.",15 min,200.25,73.31,669.0,36.41,https://placekitten.com/708/687,recipe
42,39,2024-01-12,RP100097,1,,6,,,,,,,U100077,77,T100077,U100077,William Williams,male,"time.struct_time(tm_year=1972, tm_mon=2, tm_mday=3, tm_hour=0, tm_min=0, tm_sec=0, tm_wday=3, tm_yday=34, tm_isdst=-1)",davisjessica@example.com,0614262193,3155,89367,0,62,127,113,1000077,1000077,do_not,restaurant,99,Less than $5,1,1512,1,3,0,https://placekitten.com/827/420,https://dummyimage.com/161x653,Etc/GMT+9,1,97,,,,,,,,,,,,,"Simple and delicious pizza with tomato sauce, fresh mozzarella, and basil.",,,recipe,199.0,40.66,15.81,12.49,1 medium,15.0,RP100097,Margherita Pizza,Garlic-infused shrimp cooked in a white wine and lemon butter sauce.,2.0,160.0,gm,640.0,196.0,Light and flavorful grilled salmon fillets drizzled with fresh lemon juice.,25 min,72.99,63.21,591.0,22.04,https://picsum.photos/326/806,recipe
43,77,2024-01-19,RP100043,1,,13,,,,,,,U100009,9,T100009,U100009,Vickie Wood,female,"time.struct_time(tm_year=2016, tm_mon=3, tm_mday=21, tm_hour=0, tm_min=0, tm_sec=0, tm_wday=0, tm_yday=81, tm_isdst=-1)",vbrown@example.net,9544602166,5214,10500,1,71,92,64,0,1000009,1_3_days,home,310,Less than $5,3,1258,0,1,1,https://placekitten.com/730/302,https://placekitten.com/849/548,Etc/GMT-4,1,43,,,,,,,,,,,,,"Simple and delicious pizza with tomato sauce, fresh mozzarella, and basil.",,,recipe,295.0,44.19,26.49,14.67,ml,186.0,RP100043,Grilled Salmon with Lemon,Creamy and savory mushroom risotto made with Arborio rice and mushrooms.,3.0,110.0,gm,220.0,50.0,"Simple and delicious pizza with tomato sauce, fresh mozzarella, and basil.",10 min,75.62,31.76,556.0,13.64,https://picsum.photos/605/792,recipe
44,47,2024-01-05,RP100034,1,,3,,,,,,,U100066,66,T100066,U100066,Corey Garcia,male,"time.struct_time(tm_year=1956, tm_mon=11, tm_mday=14, tm_hour=0, tm_min=0, tm_sec=0, tm_wday=2, tm_yday=319, tm_isdst=-1)",mfaulkner@example.net,001-183-431-5373x70113,12325,90578,0,69,103,82,1000066,0,do_not,restaurant,473,$5-$9.99,3,876,1,3,0,https://placekitten.com/450/275,https://dummyimage.com/668x772,America/Maceio,1,34,,,,,,,,,,,,,Garlic-infused shrimp cooked in a white wine and lemon butter sauce.,,,recipe,113.0,18.29,45.93,43.38,1 medium,223.0,RP100034,Margherita Pizza,Hearty vegan lentil soup packed with vegetables and aromatic spices.,3.0,130.0,gm,640.0,151.0,"Simple and delicious pizza with tomato sauce, fresh mozzarella, and basil.",15 min,123.67,78.51,1148.0,23.46,https://picsum.photos/154/801,recipe
45,92,2024-01-15,RP100077,1,,6,,,,,,,U100066,66,T100066,U100066,Corey Garcia,male,"time.struct_time(tm_year=1956, tm_mon=11, tm_mday=14, tm_hour=0, tm_min=0, tm_sec=0, tm_wday=2, tm_yday=319, tm_isdst=-1)",mfaulkner@example.net,001-183-431-5373x70113,12325,90578,0,69,103,82,1000066,0,do_not,restaurant,473,$5-$9.99,3,876,1,3,0,https://placekitten.com/450/275,https://dummyimage.com/668x772,America/Maceio,1,77,,,,,,,,,,,,,"Creamy pasta dish with grilled chicken, Alfredo sauce, and Parmesan cheese.",,,recipe,108.0,33.26,21.08,46.67,1 slice,291.0,RP100077,Vegan Lentil Soup,Healthy stir-fry with a mix of colorful vegetables and tofu or your choice of protein.,9.0,210.0,gm,200.0,62.0,"Classic Italian dish with ground beef, tomatoes, and herbs served over spaghetti.",25 min,43.7,47.25,517.0,2.55,https://dummyimage.com/40x841,recipe
46,60,2024-01-03,RP100079,1,,15,,,,,,,U100082,82,T100082,U100082,Jesse Boyd,male,"time.struct_time(tm_year=1925, tm_mon=6, tm_mday=19, tm_hour=0, tm_min=0, tm_sec=0, tm_wday=4, tm_yday=170, tm_isdst=-1)",fwyatt@example.com,001-301-759-6731x2770,5991,18987,0,65,53,95,1000082,1000082,1_3_days,home,491,$5-$9.99,4,528,1,1,0,https://picsum.photos/164/665,https://placekitten.com/979/160,Etc/GMT+12,1,79,,,,,,,,,,,,,Light and flavorful grilled salmon fillets drizzled with fresh lemon juice.,,,recipe,99.0,22.23,41.82,43.58,gm,149.0,RP100079,Chicken Alfredo Pasta,"Fresh and crisp salad with grilled chicken, romaine lettuce, and Caesar dressing.",6.0,110.0,ml,640.0,64.0,Garlic-infused shrimp cooked in a white wine and lemon butter sauce.,5 min,137.63,6.57,1067.0,48.96,https://picsum.photos/235/484,recipe
47,88,2024-01-10,RP100041,1,,4,,,,,,,U100032,32,T100032,U100032,Rebecca Collins,female,"time.struct_time(tm_year=2008, tm_mon=3, tm_mday=19, tm_hour=0, tm_min=0, tm_sec=0, tm_wday=2, tm_yday=79, tm_isdst=-1)",edwardferguson@example.com,085.514.2292x751,3419,71052,0,67,134,117,1000032,1000032,1_3_days,home,233,$5-$9.99,4,149,1,3,0,https://placekitten.com/756/816,https://placekitten.com/492/662,Asia/Dushanbe,1,41,,,,,,,,,,,,,"Simple and delicious pizza with tomato sauce, fresh mozzarella, and basil.",,,recipe,99.0,12.53,5.82,25.74,ml,230.0,RP100041,Beef Tacos,Healthy stir-fry with a mix of colorful vegetables and tofu or your choice of protein.,4.0,210.0,gm,1000.0,161.0,Light and flavorful grilled salmon fillets drizzled with fresh lemon juice.,15 min,298.78,63.63,660.0,34.48,https://placekitten.com/236/663,recipe
48,69,2024-01-06,RP100028,1,,13,,,,,,,U100057,57,T100057,U100057,Melody Woods,female,"time.struct_time(tm_year=1937, tm_mon=5, tm_mday=18, tm_hour=0, tm_min=0, tm_sec=0, tm_wday=1, tm_yday=138, tm_isdst=-1)",sharpshane@example.net,064-345-2247,3771,41430,0,68,144,68,0,1000057,do_not,restaurant,117,Less than $5,1,1272,0,2,0,https://dummyimage.com/785x850,https://dummyimage.com/13x461,America/Porto_Velho,1,28,,,,,,,,,,,,,"Simple and delicious pizza with tomato sauce, fresh mozzarella, and basil.",,,recipe,134.0,42.79,7.61,4.62,ml,131.0,RP100028,Vegan Lentil Soup,"Fresh and crisp salad with grilled chicken, romaine lettuce, and Caesar dressing.",9.0,200.0,gm,220.0,36.0,"Tasty beef tacos with seasoned meat, lettuce, tomatoes, and cheese.",25 min,276.35,67.99,1129.0,0.52,https://picsum.photos/398/704,recipe
49,74,2024-01-03,RP100072,1,,14,,,,,,,U100016,16,T100016,U100016,Cheryl Richardson,female,"time.struct_time(tm_year=2016, tm_mon=7, tm_mday=11, tm_hour=0, tm_min=0, tm_sec=0, tm_wday=0, tm_yday=193, tm_isdst=-1)",underwoodricardo@example.com,+1-973-231-3289x0304,5902,15034,1,66,111,88,1000016,0,1_3_days,restaurant,438,$5-$9.99,1,1629,1,3,0,https://dummyimage.com/286x761,https://placekitten.com/144/143,Africa/Conakry,1,72,,,,,,,,,,,,,Hearty vegan lentil soup packed with vegetables and aromatic spices.,,,recipe,208.0,4.96,28.38,24.45,1 slice,162.0,RP100072,Beef Tacos,"Fresh and crisp salad with grilled chicken, romaine lettuce, and Caesar dressing.",2.0,160.0,gm,1000.0,61.0,"Fresh and crisp salad with grilled chicken, romaine lettuce, and Caesar dressing.",25 min,241.15,51.96,818.0,30.31,https://placekitten.com/933/21,recipe
50,85,2024-01-09,RP100082,1,,1,,,,,,,U100041,41,T100041,U100041,Mrs. Diane Davila,female,"time.struct_time(tm_year=1923, tm_mon=11, tm_mday=26, tm_hour=0, tm_min=0, tm_sec=0, tm_wday=0, tm_yday=330, tm_isdst=-1)",darrelljohnson@example.org,875-841-7028,22712,50386,0,67,111,59,0,0,do_not,restaurant,389,$5-$9.99,3,882,1,2,1,https://dummyimage.com/957x543,https://placekitten.com/166/474,Asia/Tashkent,1,82,,,,,,,,,,,,,"Simple and delicious pizza with tomato sauce, fresh mozzarella, and basil.",,,recipe,231.0,3.02,37.87,47.72,ml,105.0,RP100082,Mushroom Risotto,Garlic-infused shrimp cooked in a white wine and lemon butter sauce.,7.0,220.0,ml,360.0,111.0,Creamy and savory mushroom risotto made with Arborio rice and mushrooms.,5 min,8.39,20.44,1146.0,25.49,https://dummyimage.com/218x53,recipe
